Date,Open,High,Low,Close,Volume,Dividends,Stock Splits
2020-10-12 00:00:00-04:00,107.09181852681522,109.19092446950135,105.23419813319316,106.7574462890625,6881300,0.0,0.0
2020-10-19 00:00:00-04:00,106.98037823843177,107.33332362645494,103.87814793116225,105.6057357788086,5769100,0.0,0.0
2020-10-26 00:00:00-04:00,104.68621475754945,104.69550484529644,94.84082636516848,96.09471893310547,10914800,0.0,0.0
2020-11-02 00:00:00-05:00,96.59628385247943,103.45090221326483,95.91824912671385,101.76046752929688,10124100,0.0,0.0
2020-11-09 00:00:00-05:00,107.74200189499324,108.7915550520544,102.14127655097764,105.24349975585938,9359100,0.0,0.0
2020-11-16 00:00:00-05:00,105.99583198567284,107.4819270203608,103.50662014522297,104.9369888305664,8686100,0.0,0.0
2020-11-23 00:00:00-05:00,105.49428665311632,107.54695678132491,104.0732078786843,106.21875762939453,4974900,0.0,0.0
2020-11-30 00:00:00-05:00,106.12586792856325,109.03304164572243,105.25278397018677,108.96802520751953,9849400,0.0,0.0
2020-12-07 00:00:00-05:00,108.69868323053959,109.99901924669877,105.96797830523145,107.22187805175781,11177200,0.0,0.0
2020-12-14 00:00:00-05:00,108.00207268096976,110.8163670722691,106.69245369572893,107.99278259277344,10830900,0.0,0.0
2020-12-21 00:00:00-05:00,107.38906692537249,107.7884557028634,104.52832903479863,106.93394470214844,3882400,0.0,0.0
2020-12-28 00:00:00-05:00,107.44477755208023,108.84728311226728,106.5438304124818,108.67080688476562,3301700,0.0,0.0
2021-01-04 00:00:00-05:00,108.14140095634045,108.49434637621908,103.86887430440699,105.40141296386719,9983600,0.0,0.0
2021-01-11 00:00:00-05:00,105.7172064002923,105.9865622843661,103.15368754347058,103.87815856933594,9416800,0.0,0.0
2021-01-18 00:00:00-05:00,104.13822452580429,105.81936908101828,102.8285984613202,103.5809326171875,6099800,0.0,0.0
2021-01-25 00:00:00-05:00,103.58093427783596,104.87198727298662,99.33627096822002,102.08555603027344,9367100,0.465,0.0
2021-02-01 00:00:00-05:00,103.28848716591878,106.32007366562438,102.5795603302438,105.96560668945312,9250000,0.0,0.0
2021-02-08 00:00:00-05:00,105.79770448754142,106.96369930983403,104.25858989878166,105.21937561035156,6393600,0.0,0.0
2021-02-15 00:00:00-05:00,105.21938011419954,110.47101845659809,105.1447547343783,109.2024154663086,8768000,0.0,0.0
2021-02-22 00:00:00-05:00,109.0997930027019,111.87019759344116,107.34613950749784,107.47673034667969,7902700,0.0,0.0
2021-03-01 00:00:00-05:00,107.84986054415889,110.30311110872034,105.38728002827436,109.14644622802734,9701200,0.0,0.0
2021-03-08 00:00:00-05:00,109.51956999791925,111.18926839568613,108.16701167337644,109.9673080444336,10447900,0.0,0.0
2021-03-15 00:00:00-04:00,109.85537243129963,111.7769368669575,108.85728108098276,109.02518463134766,10801600,0.0,0.0
2021-03-22 00:00:00-04:00,109.10913086229337,112.27130819980015,108.65206289202467,112.1500473022461,8918600,0.0,0.0
2021-03-29 00:00:00-04:00,111.69299481921847,115.11636166349419,111.28256940469308,114.87383270263672,6918700,0.0,0.0
2021-04-05 00:00:00-04:00,115.20027196874717,117.84008557692168,115.15362933585837,117.70016479492188,6705400,0.465,0.0
2021-04-12 00:00:00-04:00,118.02769718474349,119.8628160438951,116.67945607010502,119.31977081298828,6996000,0.0,0.0
2021-04-19 00:00:00-04:00,119.14188138768331,120.64929593976665,118.46775722237095,119.53511810302734,6504800,0.0,0.0
2021-04-26 00:00:00-04:00,119.53514488019054,128.38300867377095,118.92656003110592,127.0534896850586,9740900,0.0,0.0
2021-05-03 00:00:00-04:00,127.42799018088397,129.79678257726846,125.56478379535343,129.1788330078125,8517800,0.0,0.0
2021-05-10 00:00:00-04:00,129.43161647402593,130.3491687462536,124.17907438371198,125.98609161376953,9789300,0.0,0.0
2021-05-17 00:00:00-04:00,125.5647499112702,128.4484995040115,123.55174980170207,127.50284576416016,7487200,0.0,0.0
2021-05-24 00:00:00-04:00,128.01786577695822,129.7874386266838,127.19394712638038,129.53465270996094,6879900,0.0,0.0
2021-05-31 00:00:00-04:00,130.14318538888173,131.01392070697167,129.12264153654144,130.77049255371094,7206200,0.0,0.0
2021-06-07 00:00:00-04:00,130.90158877794389,131.01393805024009,128.06465536022486,130.06829833984375,6202400,0.0,0.0
2021-06-14 00:00:00-04:00,129.72184651407514,132.39024107764672,125.33068257720058,125.75200653076172,12793000,0.0,0.0
2021-06-21 00:00:00-04:00,126.70702170230508,131.36034353790419,126.20142151391327,130.79856872558594,13941100,0.0,0.0
2021-06-28 00:00:00-04:00,131.0233104569903,133.83215656613305,129.50653812974284,133.24229431152344,9391900,0.0,0.0
2021-07-05 00:00:00-04:00,133.26099385236205,133.8040390251871,131.6131429836882,133.5137939453125,9078500,0.0,0.0
2021-07-12 00:00:00-04:00,133.4857477714407,133.64491401634265,131.0139492768749,132.3247528076172,8076700,0.0,0.0
2021-07-19 00:00:00-04:00,131.28546407289548,138.38248339538913,129.06648028954262,138.017333984375,11004400,0.0,0.0
2021-07-26 00:00:00-04:00,138.0173123430626,139.78688448612576,134.39389183181717,137.83941650390625,14083000,0.535,0.0
2021-08-02 00:00:00-04:00,139.1427035684661,142.61962362727454,138.68224104594483,140.85296630859375,8328100,0.0,0.0
2021-08-09 00:00:00-04:00,140.94693788977332,142.86393766619656,140.18576166415622,142.49745178222656,8664600,0.0,0.0
2021-08-16 00:00:00-04:00,142.76992889334056,146.16227770720954,142.51621788075482,145.77700805664062,8485300,0.0,0.0
2021-08-23 00:00:00-04:00,146.11532702823328,148.03232667842494,145.28837869267454,146.92347717285156,7007100,0.0,0.0
2021-08-30 00:00:00-04:00,146.9234082790261,150.334539886056,146.60389653813434,149.88348388671875,7722000,0.0,0.0
2021-09-06 00:00:00-04:00,149.3948954704226,152.47713907304518,147.81619162758471,150.80445861816406,5689400,0.0,0.0
2021-09-13 00:00:00-04:00,152.05430038364108,152.10128869812596,145.99318062442197,146.43484497070312,11554300,0.0,0.0
2021-09-20 00:00:00-04:00,144.71516121293683,150.1842735388121,143.5123350460647,149.84597778320312,9143100,0.0,0.0
2021-09-27 00:00:00-04:00,150.02452425457986,150.09031076201353,142.23434356949858,144.83734130859375,8847100,0.0,0.0
2021-10-04 00:00:00-04:00,144.36749615108988,147.94778509461696,142.2437446652446,147.21481323242188,8645200,0.535,0.0
2021-10-11 00:00:00-04:00,147.75212572370714,153.3532998499886,146.72430471761186,152.7592315673828,11031300,0.0,0.0
2021-10-18 00:00:00-04:00,152.28775076622387,160.08601918405753,151.6748336856828,159.89743041992188,11866500,0.0,0.0
2021-10-25 00:00:00-04:00,159.8879748535832,161.36842599293806,156.9459501542269,157.28541564941406,10122900,0.0,0.0
2021-11-01 00:00:00-04:00,157.4740373282252,157.87007809070593,151.0524935572844,152.24061584472656,9349200,0.0,0.0
2021-11-08 00:00:00-05:00,153.20242237036373,157.51173393173985,151.81627264298615,157.19113159179688,7348700,0.0,0.0
2021-11-15 00:00:00-05:00,157.4174070212293,159.93510309383072,156.53102422048786,159.66165161132812,7072800,0.0,0.0
2021-11-22 00:00:00-05:00,159.99171741099943,161.06668919249103,155.13548839557703,156.9176788330078,6397200,0.0,0.0
2021-11-29 00:00:00-05:00,158.30382553653925,160.22745391318307,154.29625322916453,158.2189483642578,12137400,0.0,0.0
2021-12-06 00:00:00-05:00,159.85972470054008,164.92340633363213,159.07706755921564,162.000244140625,7102000,0.0,0.0
2021-12-13 00:00:00-05:00,162.23593708501002,162.23593708501002,157.50228359551573,158.69984436035156,9816100,0.0,0.0
2021-12-20 00:00:00-05:00,157.19111999989303,162.0379242929277,155.55980643669406,160.8403778076172,5266600,0.0,0.0
2021-12-27 00:00:00-05:00,161.17042641136317,165.13084828315328,161.17042641136317,163.90501403808594,5487800,0.0,0.0
2022-01-03 00:00:00-05:00,162.22649845343994,163.13174452272713,153.82475306667166,154.46595764160156,11464900,0.0,0.0
2022-01-10 00:00:00-05:00,153.79649686801488,157.96437062097715,149.666335114288,152.00486755371094,11029000,0.0,0.0
2022-01-17 00:00:00-05:00,150.41128328473474,152.0991868118131,147.7898601869732,148.09161376953125,10762800,0.0,0.0
2022-01-24 00:00:00-05:00,146.92236333811354,149.27033521099014,134.6544782863768,141.69837951660156,18858900,0.535,0.0
2022-01-31 00:00:00-05:00,142.14605868107154,146.69722831872298,141.1431000213447,145.00355529785156,10778800,0.0,0.0
2022-02-07 00:00:00-05:00,144.85219900837475,148.75051096326123,142.76112754900106,144.01956176757812,10341800,0.0,0.0
2022-02-14 00:00:00-05:00,143.85867323630413,146.29038765485123,142.33530726720065,144.0006103515625,9122300,0.0,0.0
2022-02-21 00:00:00-05:00,143.9627509307374,147.48257761940937,137.70843670337382,147.1324920654297,8377700,0.0,0.0
2022-02-28 00:00:00-05:00,145.06983945395248,149.06274746822245,144.6629702975995,148.0692596435547,10406400,0.0,0.0
2022-03-07 00:00:00-05:00,146.83919594742756,147.85161151599578,139.58192198436151,141.54052734375,10472000,0.0,0.0
2022-03-14 00:00:00-04:00,142.73271734543397,154.3897665600444,141.01064521773336,153.594970703125,12430200,0.0,0.0
2022-03-21 00:00:00-04:00,153.6233734046283,157.27566653641534,152.31762688691734,157.1715850830078,8455500,0.0,0.0
2022-03-28 00:00:00-04:00,157.8339389612237,164.01255801183774,157.06752743258065,162.44187927246094,10782100,0.0,0.0
2022-04-04 00:00:00-04:00,162.03497356835126,164.94923935103984,159.29102942607258,163.28395080566406,11357600,0.535,0.0
2022-04-11 00:00:00-04:00,163.82463205577272,164.08089421834396,159.4774878596288,161.12901306152344,7124400,0.0,0.0
2022-04-18 00:00:00-04:00,160.80629174474305,173.8287362192999,160.70188382105357,162.1446075439453,13700600,0.0,0.0
2022-04-25 00:00:00-04:00,161.5465982481785,163.72017696160168,152.97570746594056,153.478759765625,11811900,0.0,0.0
2022-05-02 00:00:00-04:00,154.62726612167418,155.5099757265889,147.071965349425,153.54522705078125,9787100,0.0,0.0
2022-05-09 00:00:00-04:00,151.9886201915791,153.00421135302076,145.76214828133055,151.81776428222656,8367100,0.0,0.0
2022-05-16 00:00:00-04:00,151.40959757577707,153.44079390050672,139.40274737372687,142.2312469482422,8503500,0.0,0.0
2022-05-23 00:00:00-04:00,143.10447116293508,153.0231635059427,141.25361705310002,152.99468994140625,7969600,0.0,0.0
2022-05-30 00:00:00-04:00,152.19738782793684,153.0990844195393,146.05633857597184,149.2644805908203,7870900,0.0,0.0
2022-06-06 00:00:00-04:00,150.57431892635412,151.13431827764458,141.19663982939102,142.41156005859375,5954800,0.0,0.0
2022-06-13 00:00:00-04:00,139.1655008809584,142.75331591962222,136.04277834100935,137.09634399414062,9104600,0.0,0.0
2022-06-20 00:00:00-04:00,139.05159911780893,151.64692549586934,138.71938813900456,150.7547149658203,12622600,0.0,0.0
2022-06-27 00:00:00-04:00,150.83064648491145,152.6720146535372,145.3540027584001,148.49571228027344,8150900,0.0,0.0
2022-07-04 00:00:00-04:00,147.1858613665691,150.82112186850932,145.03126977330635,147.67941284179688,6122000,0.0,0.0
2022-07-11 00:00:00-04:00,147.26177204578093,148.95127114207787,139.35530326069133,143.3037872314453,12026400,0.0,0.0
2022-07-18 00:00:00-04:00,143.81633483590542,152.1309485346379,140.1051258864364,148.8658447265625,11854500,0.0,0.0
2022-07-25 00:00:00-04:00,149.08417622127385,157.20896214456508,147.10992687345635,155.62387084960938,10495100,0.59,0.0
2022-08-01 00:00:00-04:00,154.45279766303895,158.3591415698879,153.22373670899793,157.7779541015625,7760700,0.0,0.0
2022-08-08 00:00:00-04:00,158.60684688990247,164.9236857294325,158.14952359857466,164.56163024902344,7860000,0.0,0.0
2022-08-15 00:00:00-04:00,163.87564042411935,166.00030308687235,162.78948850515573,163.66603088378906,7236100,0.0,0.0
2022-08-22 00:00:00-04:00,162.30356473270416,163.15152521626348,158.01612114521552,158.1209259033203,5647200,0.0,0.0
2022-08-29 00:00:00-04:00,156.87284073860505,157.9113662287224,151.8327174161254,152.69973754882812,6626900,0.0,0.0
2022-09-05 00:00:00-04:00,153.3285243303018,159.71206395283056,152.46151889073846,158.88314819335938,5050500,0.0,0.0
2022-09-12 00:00:00-04:00,159.23566790784986,160.1026732746762,147.75484323137306,148.955322265625,8552000,0.0,0.0
2022-09-19 00:00:00-04:00,147.92633369728156,151.14668502977725,142.23832375272352,144.2296142578125,6442100,0.0,0.0
2022-09-26 00:00:00-04:00,143.88662148345728,144.80126804163757,141.1140709365112,142.2383270263672,9227900,0.0,0.0
2022-10-03 00:00:00-04:00,143.65795542655945,152.6234806792409,142.8576360377538,145.00135803222656,9941300,0.59,0.0
2022-10-10 00:00:00-04:00,146.56387086314678,151.43149339405068,141.66757482979452,145.26329040527344,8195700,0.0,0.0
2022-10-17 00:00:00-04:00,147.58714264996814,153.1146064887269,144.1922434042521,148.16091918945312,8785000,0.0,0.0
2022-10-24 00:00:00-04:00,149.32761865102157,156.80596074005973,145.44500711819194,156.5860137939453,9609100,0.0,0.0
2022-10-31 00:00:00-04:00,155.7348917712807,157.11196416693275,150.0735309122169,153.3632354736328,7338000,0.0,0.0
2022-11-07 00:00:00-05:00,153.4588822631224,162.22823266292582,152.01486115338366,159.32106018066406,7807900,0.0,0.0
2022-11-14 00:00:00-05:00,159.21585032680392,160.8989484872391,154.92201875145756,160.1817169189453,8101800,0.0,0.0
2022-11-21 00:00:00-05:00,160.7842064044778,164.90589507954056,160.41124654876043,164.31298828125,5020100,0.0,0.0
2022-11-28 00:00:00-05:00,163.11757802895772,166.77066958694968,160.0669510147982,166.3116455078125,11631800,0.0,0.0
2022-12-05 00:00:00-05:00,165.04934833831308,165.7283340728639,161.41537162654387,163.58619689941406,7970000,0.0,0.0
2022-12-12 00:00:00-05:00,164.20777797875334,169.02756754362596,156.6051119233269,157.97264099121094,11136000,0.0,0.0
2022-12-19 00:00:00-05:00,157.51362179067104,160.28691134920783,155.48623730313366,158.35516357421875,7061900,0.0,0.0
2022-12-26 00:00:00-05:00,158.40298238609375,160.24866588036616,156.48080703209908,158.24996948242188,3182500,0.0,0.0
2023-01-02 00:00:00-05:00,159.04372508846222,164.10260715860207,157.36062673832365,163.49057006835938,5998800,0.0,0.0
2023-01-09 00:00:00-05:00,163.40449543402013,167.3540558208697,161.51100791681068,165.80484008789062,7355500,0.0,0.0
2023-01-16 00:00:00-05:00,165.7570141396537,166.92371209992714,160.430366859638,165.55618286132812,6322400,0.0,0.0
2023-01-23 00:00:00-05:00,165.6900703998646,168.30080413447328,162.9550264341665,164.6094512939453,7803200,0.59,0.0
2023-01-30 00:00:00-05:00,165.11359547475993,169.70034941920278,163.83736269178763,164.9312744140625,9392900,0.0,0.0
2023-02-06 00:00:00-05:00,164.23076715143677,168.05946529019982,163.0984790457542,165.09439086914062,6509700,0.0,0.0
2023-02-13 00:00:00-05:00,165.3822404286457,167.9059048378239,158.57886380549832,159.71116638183594,9300200,0.0,0.0
2023-02-20 00:00:00-05:00,158.7612194622628,159.15464758303116,154.75980509738818,155.48907470703125,5917800,0.0,0.0
2023-02-27 00:00:00-05:00,156.84202411417994,157.37938203543249,153.82896893409512,157.05313110351562,7512300,0.0,0.0
2023-03-06 00:00:00-05:00,157.05315903032846,158.92432163952463,150.35535007760495,150.8447265625,7396600,0.0,0.0
2023-03-13 00:00:00-04:00,148.64733932366408,153.42600498270417,145.7206410610925,149.50135803222656,13757900,0.0,0.0
2023-03-20 00:00:00-04:00,150.01949086329748,155.13401164956588,149.72202587034334,154.04010009765625,7860400,0.0,0.0
2023-03-27 00:00:00-04:00,155.22997349053963,159.9030846543796,154.25120590697904,159.8167266845703,7320300,0.0,0.0
2023-04-03 00:00:00-04:00,159.15462040779585,162.8297831072986,159.15462040779585,162.53231811523438,6110700,0.59,0.0
2023-04-10 00:00:00-04:00,162.159318020309,166.98366360412317,160.80158187906238,166.76217651367188,6730800,0.0,0.0
2023-04-17 00:00:00-04:00,166.81029313847554,173.89754066830346,166.46363373292303,173.30052185058594,13252700,0.0,0.0
2023-04-24 00:00:00-04:00,173.329398458726,174.03234134945814,169.23689877289496,173.51235961914062,9364100,0.0,0.0
2023-05-01 00:00:00-04:00,173.42573186721518,175.66937213840816,169.72802615392388,172.71315002441406,6710900,0.0,0.0
2023-05-08 00:00:00-04:00,173.10793443984744,174.71604439520073,172.41461563722237,174.5041961669922,6293700,0.0,0.0
2023-05-15 00:00:00-04:00,174.59087990528752,175.0434634791889,170.12283298505676,173.8494110107422,6822100,0.0,0.0
2023-05-22 00:00:00-04:00,173.08868357685475,173.95532479393225,165.21183148272794,166.810302734375,9306200,0.0,0.0
2023-05-29 00:00:00-04:00,167.24362222090167,170.6813293917677,165.11553037606566,169.86282348632812,9941800,0.0,0.0
2023-06-05 00:00:00-04:00,169.9880117826493,172.116118336291,167.80213110694507,171.64427185058594,7880700,0.0,0.0
2023-06-12 00:00:00-04:00,171.78867965649934,175.90044210711528,169.76651224142847,174.436767578125,9446900,0.0,0.0
2023-06-19 00:00:00-04:00,173.7434793517867,177.5085830934569,172.70351575185563,176.9211883544922,7569300,0.0,0.0
2023-06-26 00:00:00-04:00,176.8441481316223,182.0151524439493,175.65973455214356,181.1099853515625,6953300,0.0,0.0
2023-07-03 00:00:00-04:00,179.81964283386029,179.81964283386029,176.99821751097147,177.1715545654297,5608800,0.0,0.0
2023-07-10 00:00:00-04:00,177.6915559932643,181.44702116648736,177.34489653932692,179.80039978027344,7072000,0.0,0.0
2023-07-17 00:00:00-04:00,179.88703206348683,186.9646553218204,179.4055614933503,184.3358154296875,8867200,0.0,0.0
2023-07-24 00:00:00-04:00,184.65360771548958,186.31950664730005,180.7248056755876,181.861083984375,8915300,0.71,0.0
2023-07-31 00:00:00-04:00,182.28953899522233,186.40677791288493,181.0331000140949,183.2366943359375,8253900,0.0,0.0
2023-08-07 00:00:00-04:00,184.26119095792137,187.33463479761915,182.4345266537229,185.42098999023438,5105000,0.0,0.0
2023-08-14 00:00:00-04:00,185.33400337785605,186.51312163419664,181.45838616485796,182.51185607910156,5909300,0.0,0.0
2023-08-21 00:00:00-04:00,183.63299254769913,188.50409280850377,181.27475596801955,187.70191955566406,5028000,0.0,0.0
2023-08-28 00:00:00-04:00,187.97252004897163,191.161923123964,186.99635636160272,189.20962524414062,7506500,0.0,0.0
2023-09-04 00:00:00-04:00,189.08397481521453,189.6252064886763,185.34366577025344,188.23345947265625,4457900,0.0,0.0
2023-09-11 00:00:00-04:00,188.95833435906866,192.1187587774206,188.14648681502928,189.6155548095703,6902200,0.0,0.0
2023-09-18 00:00:00-04:00,189.92480226400815,192.52466077530644,188.06914462430723,188.95831298828125,6622000,0.0,0.0
2023-09-25 00:00:00-04:00,188.2624400185606,189.08396180404296,182.95642331942102,183.92291259765625,7452500,0.0,0.0
2023-10-02 00:00:00-04:00,183.06274207406918,188.1851383197634,181.12976347172844,186.87071228027344,8245100,0.71,0.0
2023-10-09 00:00:00-04:00,186.8593484788463,187.9458629345091,184.46321707742172,185.22959899902344,7390100,0.0,0.0
2023-10-16 00:00:00-04:00,186.2578780095293,187.68391607223543,181.41710803863015,182.057373046875,11737100,0.0,0.0
2023-10-23 00:00:00-04:00,182.14469110043018,185.89896179232693,178.51655206182332,179.37022399902344,7689300,0.0,0.0
2023-10-30 00:00:00-04:00,179.97168532921975,188.58610243539007,179.5642479825212,188.13015747070312,6797300,0.0,0.0
2023-11-06 00:00:00-05:00,188.86743844190497,194.67828695837625,188.07195495078219,194.45516967773438,5653400,0.0,0.0
2023-11-13 00:00:00-05:00,194.0186102317175,194.9887032828761,189.29426180935766,191.94261169433594,10174300,0.0,0.0
2023-11-20 00:00:00-05:00,191.94262865186755,195.92001643398564,191.2053631967322,194.92080688476562,3885600,0.0,0.0
2023-11-27 00:00:00-05:00,194.99842056310516,195.45436553203416,189.43009530397129,191.4963836669922,8874700,0.0,0.0
2023-12-04 00:00:00-05:00,191.3023564942245,192.47617565912734,186.98544515667376,189.818115234375,8118300,0.0,0.0
2023-12-11 00:00:00-05:00,190.4875006948452,196.74459885302917,179.9910852014461,181.52383422851562,11319200,0.0,0.0
2023-12-18 00:00:00-05:00,182.7364472974271,184.89976574324604,178.76876974994585,182.28050231933594,9593000,0.0,0.0
2023-12-25 00:00:00-05:00,181.77606713006546,184.11398047390708,181.04849723575998,183.80355834960938,4786100,0.0,0.0
2024-01-01 00:00:00-05:00,183.60952985091572,187.6742224116731,183.202092514848,185.132568359375,7234000,0.0,0.0
2024-01-08 00:00:00-05:00,184.27889491568035,190.56509416565152,183.26998978519282,190.08004760742188,7478700,0.0,0.0
2024-01-15 00:00:00-05:00,190.06063463551388,194.3290530729835,187.7227067579348,193.14553833007812,7545900,0.0,0.0
2024-01-22 00:00:00-05:00,193.17463241134985,194.0283042236243,182.67821857972203,187.21826171875,11481600,0.71,0.0
2024-01-29 00:00:00-05:00,187.53773043422896,190.5363108136494,184.87988870937434,188.24842834472656,11962800,0.0,0.0
2024-02-05 00:00:00-05:00,188.2874058616326,192.68792243766046,186.79785306837107,192.67819213867188,7904900,0.0,0.0
2024-02-12 00:00:00-05:00,192.7658031878299,196.6600618380891,189.78669769724846,195.0050048828125,7469000,0.0,0.0
2024-02-19 00:00:00-05:00,194.9757803167832,199.2594584765389,193.55436951021667,198.26641845703125,5421300,0.0,0.0
2024-02-26 00:00:00-05:00,198.45138934156904,200.7295267662716,195.45280881994174,196.6600341796875,7600700,0.0,0.0
2024-03-04 00:00:00-05:00,195.482018845347,200.24274888570707,194.47924855042365,199.7267608642578,6709800,0.0,0.0
2024-03-11 00:00:00-04:00,199.48336439561692,203.66969480668283,199.0063272878291,200.8852996826172,6833200,0.0,0.0
2024-03-18 00:00:00-04:00,201.08001963838942,202.33592625201666,198.86029360847044,199.0160675048828,9344800,0.0,0.0
2024-03-25 00:00:00-04:00,198.26641338711505,201.2747391173367,197.1468201039995,200.53482055664062,5599400,0.0,0.0
2024-04-01 00:00:00-04:00,200.06751405470436,200.8268932115882,195.18021587789048,200.14540100097656,9351200,0.71,0.0
2024-04-08 00:00:00-04:00,200.71083819426292,201.12116813744478,192.6507505997111,193.510498046875,8798400,0.0,0.0
2024-04-15 00:00:00-04:00,195.57191819128013,201.7464411236608,191.65423237685118,197.75059509277344,11325300,0.0,0.0
2024-04-22 00:00:00-04:00,199.2355718755459,199.2355718755459,193.2173849665047,193.3932342529297,8527700,0.0,0.0
2024-04-29 00:00:00-04:00,193.4616511615314,196.62705792329965,192.19157373762604,194.68287658691406,8699400,0.0,0.0
2024-05-06 00:00:00-04:00,195.44490683183668,201.68781018756528,195.09319333682933,200.81829833984375,4877300,0.0,0.0
2024-05-13 00:00:00-04:00,200.50565900220337,205.29287132617213,199.22581721861818,205.1365509033203,6324400,0.0,0.0
2024-05-20 00:00:00-04:00,204.49174137018852,206.66063879869498,202.64524922511262,203.10443115234375,5796800,0.0,0.0
2024-05-27 00:00:00-04:00,202.0590598346047,202.97740873533974,197.12530665471795,202.8015594482422,8738100,0.0,0.0
2024-06-03 00:00:00-04:00,202.36193317349242,206.1428421428574,200.44704523692528,205.15609741210938,6033300,0.0,0.0
2024-06-10 00:00:00-04:00,205.16585312758417,206.09398138641612,202.2935287985923,204.07164001464844,8743500,0.0,0.0
2024-06-17 00:00:00-04:00,203.69062688339972,210.3340809572435,203.2607531687904,209.46456909179688,7776300,0.0,0.0
2024-06-24 00:00:00-04:00,209.48410187093134,211.89724426323474,203.73945327289277,205.86927795410156,13405000,0.0,0.0
2024-07-01 00:00:00-04:00,206.29917557022716,209.0347235487926,204.7262366006173,208.99563598632812,4970600,0.0,0.0
2024-07-08 00:00:00-04:00,209.52318642238265,214.65233262345092,206.53361440000182,213.32363891601562,7741400,0.0,0.0
2024-07-15 00:00:00-04:00,213.97820143494755,216.60628048270283,209.70878794639572,211.7604522705078,9946600,0.0,0.0
2024-07-22 00:00:00-04:00,213.5971878349965,216.4890409050232,211.00818133697808,212.95237731933594,8411700,0.815,0.0
2024-07-29 00:00:00-04:00,213.75340785141992,223.22654035162267,212.87082418696315,219.6177215576172,7792800,0.0,0.0
2024-08-05 00:00:00-04:00,222.15761995107766,222.8931113428906,210.94873832238184,215.802978515625,8063500,0.0,0.0
2024-08-12 00:00:00-04:00,216.31292952476718,218.1271326977425,212.20398177205703,217.61720275878906,9541800,0.0,0.0
2024-08-19 00:00:00-04:00,217.6172114625387,222.11841549656657,217.26417497181427,218.99993896484375,4920300,0.0,0.0
2024-08-26 00:00:00-04:00,219.02935697549535,224.0503070878294,217.82314023922456,223.10887145996094,5602500,0.0,0.0
2024-09-02 00:00:00-04:00,223.0598515664829,227.82583671886067,222.9519788895595,223.4423065185547,6692500,0.0,0.0
2024-09-09 00:00:00-04:00,224.54062063432067,227.7277500100948,220.2649633962762,225.23687744140625,8124200,0.0,0.0
2024-09-16 00:00:00-04:00,226.8549598099034,227.76696192557336,217.51911850300502,219.2254638671875,9969200,0.0,0.0
2024-09-23 00:00:00-04:00,219.64712977709556,220.97102017568042,217.78389103293355,219.60791015625,10154600,0.0,0.0
2024-09-30 00:00:00-04:00,219.7746403953833,220.12767687062606,215.5970545746864,217.86236572265625,6829100,0.815,0.0
2024-10-07 00:00:00-04:00,217.89790507190867,225.16181438195844,215.58486235997398,221.5101776123047,8189000,0.0,0.0
2024-10-14 00:00:00-04:00,221.7562450546312,228.64614161191537,220.01408129131593,221.12631225585938,9381900,0.0,0.0
2024-10-21 00:00:00-04:00,218.62625179261792,221.79560535432034,216.08683101852694,217.82899475097656,11167100,0.0,0.0
2024-10-28 00:00:00-04:00,219.28572538249955,220.72276762390086,214.33484354655195,215.65377807617188,7095700,0.0,0.0
2024-11-04 00:00:00-05:00,217.10064131881413,226.00828101840816,215.76203228360066,221.81529235839844,10397700,0.0,0.0
2024-11-11 00:00:00-05:00,222.0613872451002,223.42952337337525,217.09081554955685,218.64596557617188,8719000,0.0,0.0
2024-11-18 00:00:00-05:00,217.9274227339999,224.6795216827405,216.6872317927569,224.23660278320312,8104400,0.0,0.0
2024-11-25 00:00:00-05:00,224.41377534427468,231.79580742796793,224.1775449108347,229.56150817871094,8756200,0.0,0.0
2024-12-02 00:00:00-05:00,229.5122963015492,229.56151285353263,221.24442620695785,221.6184539794922,8252400,0.0,0.0
2024-12-09 00:00:00-05:00,219.0888711728217,219.51211549884866,209.6989327459287,211.68716430664062,10800000,0.0,0.0
2024-12-16 00:00:00-05:00,211.61824844181854,212.31708740540228,206.0472714132145,208.40953063964844,11312300,0.0,0.0
2024-12-23 00:00:00-05:00,207.70085913346844,211.47061865714707,206.3327231199168,210.11231994628906,5531900,0.0,0.0
2024-12-30 00:00:00-05:00,208.596537350988,211.21470170918633,206.61815812808155,207.94692993164062,5651700,0.0,0.0
2025-01-06 00:00:00-05:00,207.5630560646981,208.6555973848023,204.8267841132267,205.82089233398438,6597400,0.0,0.0
2025-01-13 00:00:00-05:00,205.24018526327617,213.88208311073473,203.95079270567336,211.84463500976562,13641300,0.0,0.0
2025-01-20 00:00:00-05:00,212.71081276956556,216.11639713963748,211.9824468010296,215.5159912109375,8509600,0.0,0.0
2025-01-27 00:00:00-05:00,216.85459894495537,220.95900730763805,212.13993233538432,213.4687042236328,10226700,0.815,0.0
2025-02-03 00:00:00-05:00,213.3955444603146,225.27061555354197,212.1902536050637,224.6580810546875,15014600,0.0,0.0
2025-02-10 00:00:00-05:00,224.62844411413232,229.01491049797508,222.74148570920843,226.0708465576172,9088200,0.0,0.0
2025-02-17 00:00:00-05:00,225.72506742889277,228.9260061197643,225.16194811950484,227.2366180419922,7417500,0.0,0.0
2025-02-24 00:00:00-05:00,228.21467661490456,235.10063581225631,226.48577754964015,234.97219848632812,9482500,0.0,0.0
2025-03-03 00:00:00-05:00,234.19174618561783,238.92398359314868,231.01057048897954,232.6505584716797,9569500,0.0,0.0
2025-03-10 00:00:00-04:00,232.1368051997761,235.69340353670532,225.4879576912312,228.73828125,9903000,0.0,0.0
2025-03-17 00:00:00-04:00,228.01710828123012,231.39586947056657,227.55277414857702,229.50889587402344,9493500,0.0,0.0
2025-03-24 00:00:00-04:00,231.0105620669664,240.9492597199825,230.03249371117667,239.46734619140625,10483100,0.0,0.0
2025-03-31 00:00:00-04:00,240.692405597562,245.00970895152034,226.574700619715,227.42433166503906,13843400,0.815,0.0
2025-04-07 00:00:00-04:00,227.28558739785905,232.70777099469422,215.43014772435976,231.30018615722656,16753100,0.0,0.0
2025-04-14 00:00:00-04:00,233.06461793421906,237.24772865474668,211.45520175757042,218.1461944580078,11287500,0.0,0.0
2025-04-21 00:00:00-04:00,216.69895829695508,219.8511521504375,208.08492201593802,217.32345581054688,12325300,0.0,0.0
2025-04-28 00:00:00-04:00,218.20567283762816,225.58063628027605,215.9654196209422,225.30307006835938,11189200,0.0,0.0
2025-05-05 00:00:00-04:00,225.05525445273122,229.2383652552375,221.52637769051827,224.86692810058594,8279500,0.0,0.0
2025-05-12 00:00:00-04:00,224.8470983244656,229.87276951098258,217.87855441938402,229.3672332763672,11706300,0.0,0.0
2025-05-19 00:00:00-04:00,229.73399121512892,230.8144741306936,224.044178920799,227.3252410888672,7519100,0.0,0.0
2025-05-26 00:00:00-04:00,227.78120649036953,232.37073662256338,226.13572943603367,231.6173858642578,7187100,0.0,0.0
2025-06-02 00:00:00-04:00,230.02147333790808,233.71886226921214,225.34273332211635,227.99929809570312,7527300,0.0,0.0
2025-06-09 00:00:00-04:00,226.83953203046107,227.03778065339756,211.85171228053665,215.47972106933594,12107000,0.0,0.0
2025-06-16 00:00:00-04:00,216.2033154630364,217.29370547699327,211.9409023976582,214.31993103027344,13035100,0.0,0.0
2025-06-23 00:00:00-04:00,214.91468302538485,218.3940089083688,212.9321666705539,215.0732879638672,9848800,0.0,0.0
2025-06-30 00:00:00-04:00,214.40915004756934,217.7893441138497,208.66975664317903,213.19981384277344,10433800,0.0,0.0
2025-07-07 00:00:00-04:00,212.94208450638595,213.62603992925045,209.50241749221894,209.88900756835938,11204500,0.0,0.0
2025-07-14 00:00:00-04:00,209.8890131249985,214.4289774184338,207.4207748040502,210.42428588867188,15822300,0.0,0.0
2025-07-21 00:00:00-04:00,209.70067070227876,211.9012650687436,206.25109647595522,208.5607147216797,11435900,0.9,0.0
2025-07-28 00:00:00-04:00,208.52347555948282,208.75244293718274,195.39244785223505,196.89569091796875,16850400,0.0,0.0
2025-08-04 00:00:00-04:00,198.0106768967501,204.10332362550233,196.46761937294156,202.7593536376953,13895900,0.0,0.0
2025-08-11 00:00:00-04:00,202.61998476678758,209.1705663949016,201.3257942291579,206.28353881835938,10708200,0.0,0.0
2025-08-18 00:00:00-04:00,205.82558423478315,212.84406547775802,205.78576976569607,209.6085968017578,8070000,0.0,0.0
2025-08-25 00:00:00-04:00,209.43935980439537,210.33532967383493,203.37657769389764,204.88978576660156,9400000,0.0,0.0
2025-09-01 00:00:00-04:00,204.7304889656418,206.26361180430246,202.2615818272961,202.82904052734375,8337300,0.0,0.0
2025-09-08 00:00:00-04:00,201.86338623290274,203.43632361590107,197.17443873372832,202.0226593017578,12208000,0.0,0.0
2025-09-15 00:00:00-04:00,202.1520815736492,202.80913424648372,194.13807146258586,195.90016174316406,11105200,0.0,0.0
2025-09-22 00:00:00-04:00,195.98974971076873,200.81807045999165,194.75530372252004,198.667724609375,11945600,0.0,0.0
2025-09-29 00:00:00-04:00,198.36906262175202,201.21627558879652,196.92554890421383,200.24066162109375,11970900,0.9,0.0
2025-10-06 00:00:00-04:00,201.11000061035156,207.8300018310547,199.77999877929688,207.02000427246094,14851989,0.0,0.0
