Date,Open,High,Low,Close,Volume,Dividends,Stock Splits,Capital Gains
2022-08-08 00:00:00-04:00,43.1622542524535,43.314019602956215,43.15791715437156,43.17092514038086,343900,0.0,0.0,0.0
2022-08-15 00:00:00-04:00,43.179595947265625,43.179595947265625,43.16225086453584,43.179595947265625,223700,0.0,0.0,0.0
2022-08-22 00:00:00-04:00,43.17874436443966,43.18828201293945,43.17093692411378,43.18828201293945,82000,0.0,0.0,0.0
2022-08-29 00:00:00-04:00,43.18828277517184,43.21430206298828,43.184815742287974,43.21430206298828,224000,0.0,0.0,0.0
2022-09-05 00:00:00-04:00,43.21342039020462,43.24030642902093,43.20561626007447,43.231632232666016,243500,0.0,0.0,0.0
2022-09-12 00:00:00-04:00,43.24031092899787,43.35305233568846,43.21429495369887,43.266326904296875,256100,0.0,0.0,0.0
2022-09-19 00:00:00-04:00,43.27500538632005,43.30102136419496,43.25766029832435,43.29668426513672,494600,0.0,0.0,0.0
2022-09-26 00:00:00-04:00,43.309689333806304,43.36172459428478,43.28627363200284,43.33570861816406,372400,0.0,0.0,0.0
2022-10-03 00:00:00-04:00,43.283676230446225,43.283676230446225,43.231640966514135,43.27500534057617,879000,0.109,0.0,0.0
2022-10-10 00:00:00-04:00,43.395678903399016,43.395678903399016,43.360912893475984,43.3782958984375,1046900,0.0,0.0,0.0
2022-10-17 00:00:00-04:00,43.343528747558594,43.35222190754511,43.32614574305466,43.343528747558594,742100,0.044,0.0,0.0
2022-10-24 00:00:00-04:00,43.39048053061184,43.43397473421578,43.37308218549126,43.40787887573242,389200,0.0,0.0,0.0
2022-10-31 00:00:00-04:00,43.42526577744555,43.42526577744555,43.338277386513504,43.390472412109375,400200,0.073,0.0,0.0
2022-11-07 00:00:00-05:00,43.46275751284307,43.49760517997328,43.445333679277965,43.4888916015625,363900,0.0,0.0,0.0
2022-11-14 00:00:00-05:00,43.48017501655235,43.50456771534111,43.419193269580454,43.449684143066406,711500,0.075,0.0,0.0
2022-11-21 00:00:00-05:00,43.528159136496264,43.58923265610122,43.510709084000965,43.54997253417969,457000,0.0,0.0,0.0
2022-11-28 00:00:00-05:00,43.55434496137878,43.57179501884626,43.5019981172345,43.52817153930664,321800,0.075,0.0,0.0
2022-12-05 00:00:00-05:00,43.57614929378808,43.628578186035156,43.57614929378808,43.628578186035156,491100,0.0,0.0,0.0
2022-12-12 00:00:00-05:00,43.64606147176334,43.66353777197722,43.57615627090782,43.584896087646484,539500,0.085,0.0,0.0
2022-12-19 00:00:00-05:00,43.66792547484801,43.746701181482884,43.6504193912687,43.72044372558594,532000,0.0,0.0,0.0
2022-12-26 00:00:00-05:00,43.70293221310072,43.72043829450538,43.61540514502108,43.64166259765625,470600,0.087,0.0,0.0
2023-01-02 00:00:00-05:00,43.72662686645166,43.752933508936245,43.70909021971973,43.744163513183594,600800,0.0,0.0,0.0
2023-01-09 00:00:00-05:00,43.752920631699546,43.78799057006836,43.72661399695746,43.78799057006836,469200,0.0,0.0,0.0
2023-01-16 00:00:00-05:00,43.788001049285484,43.83184433609061,43.77923439878836,43.82307434082031,577100,0.0,0.0,0.0
2023-01-23 00:00:00-05:00,43.80552911562648,43.86690569140509,43.80552911562648,43.849369049072266,752000,0.0,0.0,0.0
2023-01-30 00:00:00-05:00,43.875683342544626,43.875683342544626,43.70908688369316,43.73539352416992,802500,0.182,0.0,0.0
2023-02-06 00:00:00-05:00,43.91267764646237,43.94787563728074,43.89507697256054,43.930274963378906,752700,0.0,0.0,0.0
2023-02-13 00:00:00-05:00,43.9302817556816,43.9830837855511,43.92148309586292,43.97428512573242,1282200,0.0,0.0,0.0
2023-02-20 00:00:00-05:00,43.98307452849724,44.00947385938285,43.96547385557846,44.000675201416016,900200,0.0,0.0,0.0
2023-02-27 00:00:00-05:00,44.009496736091556,44.0270974181594,43.85109731145468,43.886295318603516,2031200,0.188,0.0,0.0
2023-03-06 00:00:00-05:00,44.06948732226941,44.087154388427734,44.03415318995276,44.087154388427734,2168800,0.0,0.0,0.0
2023-03-13 00:00:00-04:00,44.131315937324786,44.166650066093176,44.08714996118829,44.148983001708984,2633900,0.0,0.0,0.0
2023-03-20 00:00:00-04:00,44.166662917047574,44.201997056096964,44.148995847522876,44.184329986572266,1874700,0.0,0.0,0.0
2023-03-27 00:00:00-04:00,44.193154409772845,44.24615560943998,44.184322561319185,44.23732376098633,1751100,0.0,0.0,0.0
2023-04-03 00:00:00-04:00,44.08273818666197,44.13132177773615,44.078323947217726,44.12248992919922,1649700,0.181,0.0,0.0
2023-04-10 00:00:00-04:00,44.29138859875151,44.32685089111328,44.26479357041535,44.32685089111328,2121300,0.0,0.0,0.0
2023-04-17 00:00:00-04:00,44.326867620847,44.35346265922059,44.31800373534634,44.335731506347656,1507500,0.0,0.0,0.0
2023-04-24 00:00:00-04:00,44.353468963627584,44.38893127441406,44.34460507686701,44.38893127441406,2354100,0.0,0.0,0.0
2023-05-01 00:00:00-04:00,44.229339163158045,44.264801461841955,44.21160801381609,44.2470703125,2476900,0.198,0.0,0.0
2023-05-08 00:00:00-04:00,44.42719226266515,44.4761456652041,44.42274102735315,44.46724319458008,2621600,0.0,0.0,0.0
2023-05-15 00:00:00-04:00,44.48504040524742,44.51174102392193,44.467238861031944,44.50284194946289,2091100,0.0,0.0,0.0
2023-05-22 00:00:00-04:00,44.51174596275339,44.556251525878906,44.50284688730694,44.556251525878906,1816400,0.0,0.0,0.0
2023-05-29 00:00:00-04:00,44.55625300884568,44.58295363137145,44.39604248309526,44.40494155883789,2358900,0.209,0.0,0.0
2023-06-05 00:00:00-04:00,44.60891246336905,44.6446647644043,44.59997609287378,44.6446647644043,2649800,0.0,0.0,0.0
2023-06-12 00:00:00-04:00,44.64465911393121,44.69828414916992,44.64465911393121,44.69828414916992,2238800,0.0,0.0,0.0
2023-06-19 00:00:00-04:00,44.716163157242235,44.734039306640625,44.68935063790809,44.734039306640625,1710600,0.0,0.0,0.0
2023-06-26 00:00:00-04:00,44.75191977788117,44.77873229980469,44.72510725595765,44.77873229980469,2286600,0.0,0.0,0.0
2023-07-03 00:00:00-04:00,44.599972759311484,44.64466142750181,44.599972759311484,44.62678527832031,2146800,0.216,0.0,0.0
2023-07-10 00:00:00-04:00,44.80207347500382,44.855934143066406,44.80207347500382,44.855934143066406,2597000,0.0,0.0,0.0
2023-07-17 00:00:00-04:00,44.846949580929014,44.90978530634915,44.846949580929014,44.90081024169922,2556200,0.0,0.0,0.0
2023-07-24 00:00:00-04:00,44.90979829625229,44.95468390535547,44.90082322900638,44.94570541381836,2507300,0.0,0.0,0.0
2023-07-31 00:00:00-04:00,44.94568705650728,44.94568705650728,44.75717990271482,44.793087005615234,3497300,0.217,0.0,0.0
2023-08-07 00:00:00-04:00,44.99711680516342,45.042194375130585,44.98810266684925,45.033180236816406,3699400,0.0,0.0,0.0
2023-08-14 00:00:00-04:00,45.04219508218521,45.0782585144043,45.033180943729526,45.0782585144043,4057800,0.0,0.0,0.0
2023-08-21 00:00:00-04:00,45.08727717085661,45.12334060668945,45.07826303149766,45.12334060668945,3692700,0.0,0.0,0.0
2023-08-28 00:00:00-04:00,45.13236335924542,45.16842336001367,44.970081318592044,44.979095458984375,6221200,0.22,0.0,0.0
2023-09-04 00:00:00-04:00,45.18653800643152,45.222757053756965,45.17748065382425,45.21370315551758,4628500,0.0,0.0,0.0
2023-09-11 00:00:00-04:00,45.2227496721879,45.268029519097624,45.21369577542635,45.25897216796875,4770800,0.0,0.0,0.0
2023-09-18 00:00:00-04:00,45.28614137499663,45.30425262451172,45.25897622790782,45.30425262451172,4207000,0.0,0.0,0.0
2023-09-25 00:00:00-04:00,45.31331946636265,45.358595872448724,45.30426211252442,45.340484619140625,3998900,0.0,0.0,0.0
2023-10-02 00:00:00-04:00,45.168428015872955,45.204647064208984,45.14125941166096,45.204647064208984,6231500,0.221,0.0,0.0
2023-10-09 00:00:00-04:00,45.414147919867276,45.450531005859375,45.40505041352822,45.450531005859375,3619200,0.0,0.0,0.0
2023-10-16 00:00:00-04:00,45.450532156450635,45.496009280250995,45.44143464988127,45.48691177368164,3828200,0.0,0.0,0.0
2023-10-23 00:00:00-04:00,45.486906191883676,45.541480815556426,45.486906191883676,45.532386779785156,5007200,0.0,0.0,0.0
2023-10-30 00:00:00-04:00,45.541486075764425,45.5505835822682,45.35048007537048,45.37776565551758,6985500,0.222,0.0,0.0
2023-11-06 00:00:00-05:00,45.59809083642636,45.63463592529297,45.57981829199306,45.63463592529297,3843000,0.0,0.0,0.0
2023-11-13 00:00:00-05:00,45.64377945836808,45.68945908589608,45.62550691033044,45.68032455444336,4153300,0.0,0.0,0.0
2023-11-20 00:00:00-05:00,45.67117348378687,45.735125636193104,45.67117348378687,45.712284088134766,3145100,0.0,0.0,0.0
2023-11-27 00:00:00-05:00,45.72599574253851,45.753406302102015,45.561546325683594,45.561546325683594,4639900,0.221,0.0,0.0
2023-12-04 00:00:00-05:00,45.78189295803898,45.80942153930664,45.76353940366636,45.80942153930664,5451100,0.0,0.0,0.0
2023-12-11 00:00:00-05:00,45.81858998795235,45.86447211349983,45.80941146249378,45.85529708862305,4539300,0.0,0.0,0.0
2023-12-18 00:00:00-05:00,45.873654825516496,45.91035842895508,45.85530127350616,45.91035842895508,4901600,0.0,0.0,0.0
2023-12-25 00:00:00-05:00,45.91036780143088,45.91954632960088,45.717660716854795,45.75436782836914,3817600,0.219,0.0,0.0
2024-01-01 00:00:00-05:00,45.964744178468564,45.99239730834961,45.9555288124904,45.99239730834961,4323600,0.0,0.0,0.0
2024-01-08 00:00:00-05:00,45.99238831351704,46.04768753051758,45.98316943336855,46.04768753051758,4313300,0.0,0.0,0.0
2024-01-15 00:00:00-05:00,46.047698583977066,46.084567081475875,46.03848321758909,46.07535171508789,2905800,0.0,0.0,0.0
2024-01-22 00:00:00-05:00,46.08456733417389,46.12143583187486,46.07535196773538,46.11221694946289,3492200,0.0,0.0,0.0
2024-01-29 00:00:00-05:00,46.13064670246332,46.13986558397683,45.95552662941095,45.973960876464844,5164200,0.22,0.0,0.0
2024-02-05 00:00:00-05:00,46.18619468236113,46.22322595304906,46.16767904701717,46.213966369628906,4887700,0.0,0.0,0.0
2024-02-12 00:00:00-05:00,46.22322485500151,46.26951217651367,46.21396527180132,46.26951217651367,4929200,0.0,0.0,0.0
2024-02-19 00:00:00-05:00,46.26951779795833,46.32506470941927,46.260261745129846,46.306549072265625,3952500,0.0,0.0,0.0
2024-02-26 00:00:00-05:00,46.325062887471084,46.34357852389652,46.1399100547133,46.149166107177734,5185000,0.219,0.0,0.0
2024-03-04 00:00:00-05:00,46.37057454831218,46.39847183227539,46.351977541342166,46.39847183227539,4890300,0.0,0.0,0.0
2024-03-11 00:00:00-04:00,46.398470804964084,46.44496154785156,46.3891705281768,46.44496154785156,3858600,0.0,0.0,0.0
2024-03-18 00:00:00-04:00,46.44496814333281,46.491458892822266,46.44496814333281,46.491458892822266,3503900,0.0,0.0,0.0
2024-03-25 00:00:00-04:00,46.482165300033344,46.53795278438053,46.482165300033344,46.51935577392578,3527500,0.0,0.0,0.0
2024-04-01 00:00:00-04:00,46.3426926037928,46.379886627197266,46.333395871450335,46.379886627197266,5113800,0.219,0.0,0.0
2024-04-08 00:00:00-04:00,46.588457408602466,46.63982313900956,46.583790387737345,46.63048553466797,4767400,0.0,0.0,0.0
2024-04-15 00:00:00-04:00,46.63982292687023,46.677180469289354,46.62114415566067,46.667842864990234,5706300,0.0,0.0,0.0
2024-04-22 00:00:00-04:00,46.6771810313498,46.71453857421875,46.66784342693824,46.71453857421875,4182200,0.0,0.0,0.0
2024-04-29 00:00:00-04:00,46.72387485563635,46.73321602239478,46.5277531050446,46.56044006347656,6645500,0.218,0.0,0.0
2024-05-06 00:00:00-04:00,46.778320606203195,46.81584167480469,46.75956007190244,46.81584167480469,5945200,0.0,0.0,0.0
2024-05-13 00:00:00-04:00,46.82522230735764,46.86274337768555,46.815843828878776,46.86274337768555,4523900,0.0,0.0,0.0
2024-05-20 00:00:00-04:00,46.86743865401444,46.919029235839844,46.853369145917796,46.919029235839844,4817500,0.0,0.0,0.0
2024-05-27 00:00:00-04:00,46.91902742776217,46.947166442871094,46.90964537058826,46.947166442871094,5002100,0.0,0.0,0.0
2024-06-03 00:00:00-04:00,46.750191021000376,46.78771209716797,46.740812541061864,46.78771209716797,5994900,0.219,0.0,0.0
2024-06-10 00:00:00-04:00,46.99333873509509,47.04044440938074,46.98391544387841,47.03102111816406,4442700,0.0,0.0,0.0
2024-06-17 00:00:00-04:00,47.04043781986183,47.08754348754883,47.03101452996519,47.08754348754883,4085100,0.0,0.0,0.0
2024-06-24 00:00:00-04:00,47.087546722221944,47.134652393144854,47.087546722221944,47.1252326965332,4954500,0.0,0.0,0.0
2024-07-01 00:00:00-04:00,46.946224623981784,46.9744873046875,46.92738163886733,46.9744873046875,4511600,0.218,0.0,0.0
2024-07-08 00:00:00-04:00,47.18957035264552,47.22742128623038,47.18010942408116,47.217960357666016,5749700,0.0,0.0,0.0
2024-07-15 00:00:00-04:00,47.22268703224527,47.274731161321,47.21795837299369,47.2652702331543,4363100,0.0,0.0,0.0
2024-07-22 00:00:00-04:00,47.26527206134924,47.32204485187249,47.26527206134924,47.312583923339844,6162100,0.0,0.0,0.0
2024-07-29 00:00:00-04:00,47.31258204277695,47.34096843691028,47.14225645864987,47.1706428527832,7673600,0.218,0.0,0.0
2024-08-05 00:00:00-04:00,47.396130066108704,47.42464434077731,47.36761941690414,47.419891357421875,7735400,0.0,0.0,0.0
2024-08-12 00:00:00-04:00,47.4151427815846,47.47216771075858,47.4151427815846,47.46266174316406,6221000,0.0,0.0,0.0
2024-08-19 00:00:00-04:00,47.472168621520545,47.51968758401166,47.46266265374365,47.51018524169922,4310500,0.0,0.0,0.0
2024-08-26 00:00:00-04:00,47.51967661004171,47.557693221441006,47.51017426992369,47.548187255859375,5244400,0.0,0.0,0.0
2024-09-02 00:00:00-04:00,47.533933294629485,47.533933294629485,47.3581128064324,47.39612579345703,7014100,0.215,0.0,0.0
2024-09-09 00:00:00-04:00,47.600701996667084,47.65797305242382,47.600701996667084,47.6484260559082,4374400,0.0,0.0,0.0
2024-09-16 00:00:00-04:00,47.657970443571685,47.72478485107422,47.657970443571685,47.72478485107422,6386700,0.0,0.0,0.0
2024-09-23 00:00:00-04:00,47.715233285289386,47.762957333705614,47.715233285289386,47.75341033935547,6107800,0.0,0.0,0.0
2024-09-30 00:00:00-04:00,47.762960084674184,47.772503438462486,47.57206023890265,47.6102409362793,9008000,0.206,0.0,0.0
2024-10-07 00:00:00-04:00,47.80705150715245,47.85497283935547,47.79746504701388,47.85497283935547,5068700,0.0,0.0,0.0
2024-10-14 00:00:00-04:00,47.85496452016111,47.88371658325195,47.84537806168907,47.88371658325195,6513500,0.0,0.0,0.0
2024-10-21 00:00:00-04:00,47.88372720479616,47.92206573486328,47.87414440036111,47.92206573486328,6349900,0.0,0.0,0.0
2024-10-28 00:00:00-04:00,47.92206495543399,47.95081702443496,47.77829729810233,47.78788375854492,7726200,0.187,0.0,0.0
2024-11-04 00:00:00-05:00,47.96720532083056,48.01530647687968,47.96720532083056,48.00568771362305,7259400,0.0,0.0,0.0
2024-11-11 00:00:00-05:00,48.005686077036025,48.05378723144531,48.005686077036025,48.05378723144531,6404600,0.0,0.0,0.0
2024-11-18 00:00:00-05:00,48.053787505760695,48.09226989746094,48.0441650728942,48.09226989746094,5985500,0.0,0.0,0.0
2024-11-25 00:00:00-05:00,48.082647456942325,48.12112984863645,48.082647456942325,48.111507415771484,4166300,0.0,0.0,0.0
2024-12-02 00:00:00-05:00,47.9575846529102,47.99606704711914,47.94796588929951,47.99606704711914,7756800,0.184,0.0,0.0
2024-12-09 00:00:00-05:00,48.17330638120572,48.23124313354492,48.17330638120572,48.23124313354492,5887700,0.0,0.0,0.0
2024-12-16 00:00:00-05:00,48.23125006564308,48.269874572753906,48.22159209714751,48.269874572753906,6706800,0.0,0.0,0.0
2024-12-23 00:00:00-05:00,48.26986837327816,48.298834908173134,48.26021040602299,48.28917694091797,4140700,0.0,0.0,0.0
2024-12-30 00:00:00-05:00,48.13468482225118,48.173309326171875,48.12503053798872,48.173309326171875,7119700,0.181,0.0,0.0
2025-01-06 00:00:00-05:00,48.3482971708594,48.37736892700195,48.338607817750336,48.37736892700195,5966200,0.0,0.0,0.0
2025-01-13 00:00:00-05:00,48.37736145114411,48.4161262512207,48.37736145114411,48.4161262512207,6279100,0.0,0.0,0.0
2025-01-20 00:00:00-05:00,48.42582326550037,48.45489501953125,48.41613021628,48.45489501953125,4505800,0.0,0.0,0.0
2025-01-27 00:00:00-05:00,48.44520581733778,48.49365997314453,48.44520581733778,48.49365997314453,7086700,0.0,0.0,0.0
2025-02-03 00:00:00-05:00,48.32891481190811,48.35799026489258,48.31922545879022,48.35799026489258,9456400,0.174,0.0,0.0
2025-02-10 00:00:00-05:00,48.526724065328345,48.56562042236328,48.5169971937837,48.56562042236328,7400700,0.0,0.0,0.0
2025-02-17 00:00:00-05:00,48.5753463024527,48.6142463684082,48.56561943110659,48.6142463684082,6546900,0.0,0.0,0.0
2025-02-24 00:00:00-05:00,48.61424737140387,48.643420566615156,48.604520499857074,48.63369369506836,7596500,0.0,0.0,0.0
2025-03-03 00:00:00-05:00,48.48782840723962,48.517001605096965,48.46837837209642,48.50727844238281,10906400,0.173,0.0,0.0
2025-03-10 00:00:00-04:00,48.68542432132836,48.724459429957655,48.675667405467465,48.714698791503906,10171700,0.0,0.0,0.0
2025-03-17 00:00:00-04:00,48.72445249322068,48.76348759629268,48.71469185615652,48.753726959228516,10102000,0.0,0.0,0.0
2025-03-24 00:00:00-04:00,48.75373038478214,48.80252240575422,48.75373038478214,48.78300857543945,9078800,0.0,0.0,0.0
2025-03-31 00:00:00-04:00,48.79276341127723,48.802520326018815,48.62686980252325,48.66590118408203,20602000,0.173,0.0,0.0
2025-04-07 00:00:00-04:00,48.83483983990339,48.874010450391985,48.83483983990339,48.864219665527344,23943500,0.0,0.0,0.0
2025-04-14 00:00:00-04:00,48.87400688260522,48.913177490234375,48.87400688260522,48.913177490234375,15900700,0.0,0.0,0.0
2025-04-21 00:00:00-04:00,48.913180006810606,48.95235061645508,48.913180006810606,48.95235061645508,18626100,0.0,0.0,0.0
2025-04-28 00:00:00-04:00,48.952349149077726,48.97193071779806,48.79567045071132,48.82504653930664,13681400,0.173,0.0,0.0
2025-05-05 00:00:00-04:00,48.99453164354819,49.03383822392494,48.9847031242131,49.024009704589844,9207500,0.0,0.0,0.0
2025-05-12 00:00:00-04:00,49.024017388072146,49.07314874700248,49.024017388072146,49.063323974609375,9780700,0.0,0.0,0.0
2025-05-19 00:00:00-04:00,49.07314306401083,49.1222781657334,49.0633182927555,49.112449645996094,7179700,0.0,0.0,0.0
2025-05-26 00:00:00-04:00,49.117365823126704,49.1517581465858,49.11245156306623,49.141929626464844,5706800,0.0,0.0,0.0
2025-06-02 00:00:00-04:00,48.98470504844928,49.024011630370076,48.97488027721006,49.01418685913086,11343200,0.175,0.0,0.0
2025-06-09 00:00:00-04:00,49.18631292861557,49.22575378417969,49.18631292861557,49.22575378417969,6590700,0.0,0.0,0.0
2025-06-16 00:00:00-04:00,49.225747606759796,49.26519221901968,49.225747606759796,49.255332946777344,7396100,0.0,0.0,0.0
2025-06-23 00:00:00-04:00,49.26519329581351,49.30463790893555,49.26519329581351,49.30463790893555,9864900,0.0,0.0,0.0
2025-06-30 00:00:00-04:00,49.29477534447111,49.30463461627052,49.11727835892093,49.15671920776367,8826700,0.188,0.0,0.0
2025-07-07 00:00:00-04:00,49.342270301673345,49.381863803111244,49.33237381423593,49.37196731567383,8332100,0.0,0.0,0.0
2025-07-14 00:00:00-04:00,49.38186053874295,49.42145403756354,49.38186053874295,49.41650390625,7495300,0.0,0.0,0.0
2025-07-21 00:00:00-04:00,49.42145462692795,49.4610481262207,49.42145462692795,49.4610481262207,6792600,0.0,0.0,0.0
2025-07-28 00:00:00-04:00,49.451149954341396,49.480846967988555,49.32247673996533,49.327423095703125,11638300,0.173,0.0,0.0
2025-08-04 00:00:00-04:00,49.503720990036314,49.553382873535156,49.503720990036314,49.553382873535156,9680700,0.0,0.0,0.0
2025-08-11 00:00:00-04:00,49.553381923935405,49.59311294555664,49.54345106300948,49.59311294555664,9554600,0.0,0.0,0.0
2025-08-18 00:00:00-04:00,49.59311317402463,49.6328441958289,49.583178524094166,49.62290954589844,8761500,0.0,0.0,0.0
2025-08-25 00:00:00-04:00,49.632844678020874,49.6825065612793,49.6229100279939,49.6825065612793,11943000,0.0,0.0,0.0
2025-09-01 00:00:00-04:00,49.513651851152545,49.553382873535156,49.503720990036314,49.553382873535156,10436500,0.174,0.0,0.0
2025-09-08 00:00:00-04:00,49.72635953530677,49.76622924730494,49.72635953530677,49.75625991821289,8641400,0.0,0.0,0.0
2025-09-15 00:00:00-04:00,49.75626142083099,49.816065990634314,49.75626142083099,49.7961311340332,9150100,0.0,0.0,0.0
2025-09-22 00:00:00-04:00,49.81606749265134,49.836002349853516,49.80610196514288,49.836002349853516,7623300,0.0,0.0,0.0
2025-09-29 00:00:00-04:00,49.82603384921067,49.84596490303831,49.68648985712211,49.706424713134766,10556100,0.164,0.0,0.0
2025-10-06 00:00:00-04:00,49.869998931884766,49.91999816894531,49.869998931884766,49.91999816894531,9812472,0.0,0.0,0.0
