,contractSymbol,lastTradeDate,strike,lastPrice,bid,ask,change,percentChange,volume,openInterest,impliedVolatility,inTheMoney,contractSize,currency
0,NVDA260618P00000500,2025-04-08 17:48:45+00:00,0.5,0.01,0.0,0.01,0.0,0.0,26.0,9481,2.1250046874999997,False,REGULAR,USD
1,NVDA260618P00001000,2025-04-11 17:57:36+00:00,1.0,0.01,0.0,0.02,0.0,0.0,1.0,729,1.96875015625,False,REGULAR,USD
2,NVDA260618P00001500,2025-08-15 17:26:45+00:00,1.5,0.01,0.0,0.01,0.0,0.0,2.0,900,1.6875015625,False,REGULAR,USD
3,NVDA260618P00002000,2025-06-18 17:49:50+00:00,2.0,0.01,0.0,0.02,0.0,0.0,1.0,71,1.65625171875,False,REGULAR,USD
4,NVDA260618P00002500,2025-05-05 18:04:47+00:00,2.5,0.01,0.0,0.03,0.0,0.0,36.0,752,1.625001875,False,REGULAR,USD
5,NVDA260618P00003000,2025-04-09 17:05:51+00:00,3.0,0.03,0.01,0.04,0.0,0.0,58.0,1736,1.640626796875,False,REGULAR,USD
6,NVDA260618P00003500,2025-05-02 19:09:00+00:00,3.5,0.01,0.0,0.03,0.0,0.0,1.0,862,1.484377578125,False,REGULAR,USD
7,NVDA260618P00004000,2025-06-20 13:30:01+00:00,4.0,0.01,0.0,0.02,0.0,0.0,1.0,887,1.3750031249999999,False,REGULAR,USD
8,NVDA260618P00004500,2025-04-24 16:19:36+00:00,4.5,0.02,0.02,0.15,0.0,0.0,26.0,1058,1.6640641796875002,False,REGULAR,USD
9,NVDA260618P00005000,2025-07-15 15:02:38+00:00,5.0,0.01,0.0,0.0,0.0,0.0,427.0,3175,0.500005,False,REGULAR,USD
10,NVDA260618P00006000,2025-07-15 14:39:31+00:00,6.0,0.01,0.0,0.0,0.0,0.0,17.0,538,0.500005,False,REGULAR,USD
11,NVDA260618P00007000,2025-07-16 18:42:17+00:00,7.0,0.01,0.0,0.03,0.0,0.0,5.0,665,1.203128984375,False,REGULAR,USD
12,NVDA260618P00008000,2025-07-15 16:10:41+00:00,8.0,0.01,0.0,0.0,0.0,0.0,10.0,463,0.500005,False,REGULAR,USD
13,NVDA260618P00009000,2025-06-09 14:22:32+00:00,9.0,0.05,0.0,0.0,0.0,0.0,10.0,0,0.500005,False,REGULAR,USD
14,NVDA260618P00010000,2025-08-18 16:42:09+00:00,10.0,0.01,0.0,0.01,-0.01,-50.0,143.0,3395,0.9687503125,False,REGULAR,USD
15,NVDA260618P00011000,2025-08-11 15:57:33+00:00,11.0,0.01,0.0,0.03,0.0,0.0,30.0,285,1.0312548437500002,False,REGULAR,USD
16,NVDA260618P00012000,2025-08-18 16:44:59+00:00,12.0,0.01,0.0,0.02,-0.02,-66.66667,99.0,632,0.9531254687499999,False,REGULAR,USD
17,NVDA260618P00013000,2025-08-18 16:40:48+00:00,13.0,0.01,0.0,0.01,-0.049999997,-83.333336,43.0,0,0.87500125,False,REGULAR,USD
18,NVDA260618P00014000,2025-08-18 18:54:13+00:00,14.0,0.01,0.0,0.01,-0.01,-50.0,10.0,415,0.8437515624999999,False,REGULAR,USD
19,NVDA260618P00015000,2025-08-12 19:09:52+00:00,15.0,0.03,0.01,0.02,0.0,0.0,5.0,1194,0.9062509375,False,REGULAR,USD
20,NVDA260618P00016000,2025-08-15 15:24:31+00:00,16.0,0.01,0.01,0.02,0.0,0.0,4.0,234,0.8828136718749999,False,REGULAR,USD
21,NVDA260618P00017000,2025-08-15 16:17:02+00:00,17.0,0.03,0.01,0.03,0.0,0.0,2.0,582,0.8828136718749999,False,REGULAR,USD
22,NVDA260618P00018000,2025-08-18 15:55:54+00:00,18.0,0.02,0.02,0.03,-0.01,-33.333336,104.0,812,0.8789074609374999,False,REGULAR,USD
23,NVDA260618P00019000,2025-08-14 14:05:41+00:00,19.0,0.04,0.03,0.04,0.0,0.0,1.0,402,0.8867198828124999,False,REGULAR,USD
24,NVDA260618P00020000,2025-08-15 17:43:40+00:00,20.0,0.04,0.03,0.05,0.0,0.0,59.0,3327,0.87500125,False,REGULAR,USD
25,NVDA260618P00021000,2025-08-15 19:08:06+00:00,21.0,0.05,0.04,0.05,0.0,0.0,413.0,634,0.867188828125,False,REGULAR,USD
26,NVDA260618P00022000,2025-08-15 17:43:29+00:00,22.0,0.05,0.04,0.05,0.0,0.0,196.0,377,0.8476577734374999,False,REGULAR,USD
27,NVDA260618P00023000,2025-08-15 17:35:59+00:00,23.0,0.06,0.05,0.06,0.0,0.0,25.0,1929,0.8476577734374999,False,REGULAR,USD
28,NVDA260618P00024000,2025-07-31 18:45:47+00:00,24.0,0.06,0.05,0.06,0.0,0.0,18.0,620,0.8300798242187499,False,REGULAR,USD
29,NVDA260618P00025000,2025-08-15 19:07:49+00:00,25.0,0.06,0.06,0.07,0.0,0.0,310.0,19763,0.8281267187499999,False,REGULAR,USD
30,NVDA260618P00026000,2025-08-15 16:19:21+00:00,26.0,0.08,0.07,0.08,0.0,0.0,10.0,2492,0.8242205078124999,False,REGULAR,USD
31,NVDA260618P00027000,2025-07-31 18:48:10+00:00,27.0,0.09,0.07,0.08,0.0,0.0,30.0,90,0.8085956640624999,False,REGULAR,USD
32,NVDA260618P00028000,2025-08-13 19:40:44+00:00,28.0,0.08,0.08,0.09,0.0,0.0,20.0,1212,0.8027363476562499,False,REGULAR,USD
33,NVDA260618P00029000,2025-08-14 13:52:10+00:00,29.0,0.09,0.09,0.1,0.0,0.0,216.0,462,0.79883013671875,False,REGULAR,USD
34,NVDA260618P00030000,2025-08-14 14:24:03+00:00,30.0,0.1,0.1,0.11,0.0,0.0,104.0,10254,0.7929708203125,False,REGULAR,USD
35,NVDA260618P00031000,2025-08-14 18:41:43+00:00,31.0,0.11,0.1,0.11,0.0,0.0,9.0,838,0.7773459765625,False,REGULAR,USD
36,NVDA260618P00032000,2025-08-15 17:43:23+00:00,32.0,0.13,0.11,0.12,0.0,0.0,14.0,708,0.77148666015625,False,REGULAR,USD
37,NVDA260618P00033000,2025-08-14 17:34:15+00:00,33.0,0.12,0.12,0.13,0.0,0.0,25.0,1174,0.7656273437500001,False,REGULAR,USD
38,NVDA260618P00034000,2025-08-13 19:22:36+00:00,34.0,0.14,0.13,0.14,0.0,0.0,1.0,173,0.7597680273437502,False,REGULAR,USD
39,NVDA260618P00035000,2025-08-18 14:29:37+00:00,35.0,0.15,0.14,0.15,-0.00999999,-6.2499943,1.0,3036,0.7539087109375,False,REGULAR,USD
40,NVDA260618P00036000,2025-08-15 19:32:52+00:00,36.0,0.16,0.15,0.16,0.0,0.0,10.0,751,0.747072841796875,False,REGULAR,USD
41,NVDA260618P00037000,2025-08-14 14:24:16+00:00,37.0,0.17,0.16,0.18,0.0,0.0,1.0,310,0.743166630859375,False,REGULAR,USD
42,NVDA260618P00038000,2025-08-14 16:49:33+00:00,38.0,0.18,0.17,0.19,0.0,0.0,32.0,1874,0.73633076171875,False,REGULAR,USD
43,NVDA260618P00039000,2025-08-15 18:34:58+00:00,39.0,0.19,0.18,0.2,0.0,0.0,1.0,955,0.729494892578125,False,REGULAR,USD
44,NVDA260618P00040000,2025-08-14 14:24:01+00:00,40.0,0.19,0.2,0.21,0.0,0.0,53.0,2798,0.7246121289062499,False,REGULAR,USD
45,NVDA260618P00041000,2025-08-15 14:57:25+00:00,41.0,0.22,0.2,0.22,0.0,0.0,57.0,452,0.7148466015625,False,REGULAR,USD
46,NVDA260618P00042000,2025-08-14 18:58:24+00:00,42.0,0.23,0.21,0.24,0.0,0.0,82.0,503,0.7104521142578125,False,REGULAR,USD
47,NVDA260618P00043000,2025-08-15 17:01:46+00:00,43.0,0.25,0.23,0.26,0.0,0.0,115.0,1632,0.7070341796875,False,REGULAR,USD
48,NVDA260618P00044000,2025-08-15 14:53:34+00:00,44.0,0.26,0.24,0.27,0.0,0.0,1.0,1504,0.700198310546875,False,REGULAR,USD
49,NVDA260618P00045000,2025-08-15 16:59:44+00:00,45.0,0.28,0.26,0.28,0.0,0.0,33.0,4948,0.6953155468750001,False,REGULAR,USD
50,NVDA260618P00046000,2025-08-14 18:58:21+00:00,46.0,0.28,0.26,0.29,0.0,0.0,284.0,1348,0.6860382958984376,False,REGULAR,USD
51,NVDA260618P00047000,2025-08-15 19:32:46+00:00,47.0,0.31,0.28,0.31,0.0,0.0,4.0,1411,0.6826203613281252,False,REGULAR,USD
52,NVDA260618P00048000,2025-07-29 13:47:14+00:00,48.0,0.24,0.29,0.32,0.0,0.0,20.0,762,0.6752962158203126,False,REGULAR,USD
53,NVDA260618P00049000,2025-08-15 14:57:30+00:00,49.0,0.33,0.3,0.33,0.0,0.0,19.0,3139,0.6684603466796877,False,REGULAR,USD
54,NVDA260618P00050000,2025-08-15 13:30:01+00:00,50.0,0.35,0.32,0.34,0.0,0.0,10.0,6452,0.6630893066406252,False,REGULAR,USD
55,NVDA260618P00051000,2025-08-14 16:11:27+00:00,51.0,0.33,0.33,0.36,0.0,0.0,55.0,873,0.6577182666015625,False,REGULAR,USD
56,NVDA260618P00052000,2025-08-12 18:40:05+00:00,52.0,0.33,0.35,0.38,0.0,0.0,4.0,6199,0.6533237792968751,False,REGULAR,USD
57,NVDA260618P00053000,2025-08-15 16:57:37+00:00,53.0,0.38,0.36,0.39,0.0,0.0,80.0,700,0.64648791015625,False,REGULAR,USD
58,NVDA260618P00054000,2025-08-14 18:03:34+00:00,54.0,0.39,0.38,0.41,0.0,0.0,48.0,471,0.6420934228515626,False,REGULAR,USD
59,NVDA260618P00055000,2025-08-15 17:34:38+00:00,55.0,0.44,0.4,0.43,0.0,0.0,2.0,5135,0.637698935546875,False,REGULAR,USD
60,NVDA260618P00056000,2025-08-14 19:38:19+00:00,56.0,0.43,0.41,0.44,0.0,0.0,66.0,1473,0.63086306640625,False,REGULAR,USD
61,NVDA260618P00057000,2025-07-28 18:04:28+00:00,57.0,0.39,0.43,0.46,0.0,0.0,5.0,1504,0.6264685791015626,False,REGULAR,USD
62,NVDA260618P00058000,2025-08-15 19:32:48+00:00,58.0,0.47,0.45,0.48,0.0,0.0,2.0,1163,0.6218299536132813,False,REGULAR,USD
63,NVDA260618P00059000,2025-08-15 16:59:43+00:00,59.0,0.5,0.46,0.49,0.0,0.0,1.0,585,0.6152382226562501,False,REGULAR,USD
64,NVDA260618P00060000,2025-08-15 16:34:45+00:00,60.0,0.52,0.49,0.51,0.0,0.0,14.0,7354,0.6113320117187502,False,REGULAR,USD
65,NVDA260618P00061000,2025-07-18 14:54:06+00:00,61.0,0.65,0.5,0.56,0.0,0.0,1.0,941,0.6086464916992189,False,REGULAR,USD
66,NVDA260618P00062000,2025-08-14 15:58:00+00:00,62.0,0.51,0.52,0.55,0.0,0.0,8.0,451,0.6010782080078126,False,REGULAR,USD
67,NVDA260618P00063000,2025-08-04 15:16:39+00:00,63.0,0.55,0.55,0.58,0.0,0.0,4.0,760,0.5981485498046876,False,REGULAR,USD
68,NVDA260618P00064000,2025-08-12 17:24:07+00:00,64.0,0.55,0.57,0.6,0.0,0.0,1.0,1615,0.5932657861328126,False,REGULAR,USD
69,NVDA260618P00065000,2025-08-13 17:44:05+00:00,65.0,0.62,0.6,0.62,0.0,0.0,10.0,2917,0.5891154370117189,False,REGULAR,USD
70,NVDA260618P00066000,2025-08-13 18:57:41+00:00,66.0,0.61,0.61,0.65,0.0,0.0,2.0,1091,0.5842326733398437,False,REGULAR,USD
71,NVDA260618P00067000,2025-08-07 19:48:07+00:00,67.0,0.65,0.63,0.67,0.0,0.0,4.0,761,0.5793499096679688,False,REGULAR,USD
72,NVDA260618P00068000,2025-08-14 15:41:17+00:00,68.0,0.67,0.66,0.7,0.030000031,4.687505,1.0,924,0.5756878369140624,False,REGULAR,USD
73,NVDA260618P00069000,2025-08-13 18:56:00+00:00,69.0,0.71,0.69,0.72,0.029999971,4.4117603,1.0,3427,0.5715374877929689,False,REGULAR,USD
74,NVDA260618P00070000,2025-08-15 19:15:41+00:00,70.0,0.75,0.72,0.74,-0.00999999,-1.3157883,1.0,69384,0.5671430004882813,False,REGULAR,USD
75,NVDA260618P00071000,2025-08-14 16:05:25+00:00,71.0,0.72,0.74,0.77,0.0,0.0,54.0,1047,0.5629926513671876,False,REGULAR,USD
76,NVDA260618P00072000,2025-08-14 19:03:16+00:00,72.0,0.78,0.76,0.8,0.0,0.0,52.0,4042,0.5585981640625001,False,REGULAR,USD
77,NVDA260618P00073000,2025-07-30 19:45:01+00:00,73.0,0.72,0.8,0.83,0.0,0.0,3.0,16021,0.5551802294921876,False,REGULAR,USD
78,NVDA260618P00074000,2025-08-15 17:34:41+00:00,74.0,0.87,0.83,0.86,0.0,0.0,1.0,3316,0.5515181567382813,False,REGULAR,USD
79,NVDA260618P00075000,2025-08-14 18:38:13+00:00,75.0,0.86,0.86,0.89,0.0,0.0,9.0,109796,0.5473678076171876,False,REGULAR,USD
80,NVDA260618P00076000,2025-08-15 16:10:53+00:00,76.0,0.94,0.89,0.92,0.0,0.0,10.0,14935,0.5434615966796876,False,REGULAR,USD
81,NVDA260618P00077000,2025-08-14 18:40:53+00:00,77.0,0.93,0.92,0.95,0.0,0.0,427.0,1735,0.5395553857421876,False,REGULAR,USD
82,NVDA260618P00078000,2025-08-13 14:36:03+00:00,78.0,0.96,0.96,0.99,0.0,0.0,4.0,1335,0.5363815893554689,False,REGULAR,USD
83,NVDA260618P00079000,2025-08-18 15:46:02+00:00,79.0,1.02,0.99,1.02,0.0,0.0,6.0,1205,0.532231240234375,False,REGULAR,USD
84,NVDA260618P00080000,2025-08-18 18:53:40+00:00,80.0,1.07,1.03,1.06,-0.03999996,-3.6036,1.0,28072,0.5290574438476563,False,REGULAR,USD
85,NVDA260618P00081000,2025-08-14 16:48:23+00:00,81.0,1.06,1.07,1.1,0.0,0.0,4.0,1462,0.5258836474609375,False,REGULAR,USD
86,NVDA260618P00082000,2025-08-15 16:23:53+00:00,82.0,1.2,1.11,1.14,0.0,0.0,4.0,2421,0.5224657128906249,False,REGULAR,USD
87,NVDA260618P00083000,2025-08-18 18:31:45+00:00,83.0,1.2,1.15,1.19,0.03000009,2.5641105,1.0,1554,0.5195360546875,False,REGULAR,USD
88,NVDA260618P00084000,2025-08-15 18:46:13+00:00,84.0,1.27,1.2,1.23,0.0,0.0,3.0,976,0.516606396484375,False,REGULAR,USD
89,NVDA260618P00085000,2025-08-18 18:37:09+00:00,85.0,1.27,1.24,1.27,-0.060000062,-4.511283,2.0,22250,0.5129443237304687,False,REGULAR,USD
90,NVDA260618P00086000,2025-08-11 19:39:50+00:00,86.0,1.34,1.29,1.33,0.0,0.0,1.0,1378,0.5106250109863282,False,REGULAR,USD
91,NVDA260618P00087000,2025-08-15 18:46:07+00:00,87.0,1.42,1.34,1.38,0.0,0.0,2.0,2435,0.5076953527832031,False,REGULAR,USD
92,NVDA260618P00088000,2025-08-12 19:15:16+00:00,88.0,1.37,1.39,1.43,0.0,0.0,6.0,1492,0.5046436254882812,False,REGULAR,USD
93,NVDA260618P00089000,2025-08-13 19:37:36+00:00,89.0,1.47,1.44,1.48,0.0,0.0,1.0,893,0.5015918981933594,False,REGULAR,USD
94,NVDA260618P00090000,2025-08-18 19:21:00+00:00,90.0,1.51,1.5,1.53,-0.13,-7.9268293,1091.0,32814,0.500005,False,REGULAR,USD
95,NVDA260618P00091000,2025-08-18 18:26:23+00:00,91.0,1.58,1.55,1.59,0.0,0.0,2.0,972,0.4973194799804688,False,REGULAR,USD
96,NVDA260618P00092000,2025-08-15 19:18:49+00:00,92.0,1.71,1.61,1.65,0.0,0.0,102.0,1697,0.4947560290527344,False,REGULAR,USD
97,NVDA260618P00093000,2025-08-15 19:50:14+00:00,93.0,1.75,1.67,1.71,0.0,0.0,80.0,1940,0.4919484399414063,False,REGULAR,USD
98,NVDA260618P00094000,2025-08-15 18:50:41+00:00,94.0,1.84,1.73,1.78,0.0,0.0,87.0,1594,0.4897511962890626,False,REGULAR,USD
99,NVDA260618P00095000,2025-08-18 14:49:24+00:00,95.0,1.83,1.8,1.82,-0.059999943,-3.1746001,12.0,6244,0.48560084716796875,False,REGULAR,USD
100,NVDA260618P00096000,2025-08-18 19:25:15+00:00,96.0,1.89,1.87,1.9,-0.100000024,-5.0251265,55.0,3878,0.48389187988281257,False,REGULAR,USD
101,NVDA260618P00097000,2025-08-18 19:16:09+00:00,97.0,1.95,1.95,1.99,-0.109999895,-5.339801,80.0,4040,0.48254911987304694,False,REGULAR,USD
102,NVDA260618P00098000,2025-08-18 16:59:05+00:00,98.0,2.09,2.01,2.06,-0.029999971,-1.4150931,49.0,2333,0.47998566894531247,False,REGULAR,USD
103,NVDA260618P00099000,2025-08-18 19:00:41+00:00,99.0,2.13,2.09,2.13,-0.13999987,-6.167395,123.0,2811,0.47723911437988287,False,REGULAR,USD
104,NVDA260618P00100000,2025-08-18 18:23:27+00:00,100.0,2.22,2.19,2.2,-0.07999992,-3.4782577,22.0,33186,0.47449255981445315,False,REGULAR,USD
105,NVDA260618P00101000,2025-08-18 14:49:36+00:00,101.0,2.29,2.25,2.28,-0.13000011,-5.3719053,2.0,1424,0.4721732470703125,False,REGULAR,USD
106,NVDA260618P00102000,2025-08-18 14:45:44+00:00,102.0,2.42,2.33,2.37,-0.059999943,-2.4193525,2.0,2241,0.47022014160156256,False,REGULAR,USD
107,NVDA260618P00103000,2025-08-15 18:57:51+00:00,103.0,2.57,2.4,2.46,0.0,0.0,2.0,1898,0.4681449670410156,False,REGULAR,USD
108,NVDA260618P00104000,2025-08-15 18:44:35+00:00,104.0,2.69,2.5,2.55,0.0,0.0,2.0,1572,0.4660697924804688,False,REGULAR,USD
109,NVDA260618P00105000,2025-08-15 18:38:26+00:00,105.0,2.77,2.59,2.63,0.0,0.0,9.0,5556,0.46332323791503904,False,REGULAR,USD
110,NVDA260618P00106000,2025-08-15 18:36:02+00:00,106.0,2.87,2.69,2.73,0.0,0.0,4.0,1057,0.46143116699218756,False,REGULAR,USD
111,NVDA260618P00107000,2025-08-15 18:07:54+00:00,107.0,2.97,2.79,2.83,0.0,0.0,3.0,1210,0.4594780615234375,False,REGULAR,USD
112,NVDA260618P00108000,2025-08-15 18:43:42+00:00,108.0,3.1,2.89,2.93,0.0,0.0,13.0,1857,0.45740288696289066,False,REGULAR,USD
113,NVDA260618P00109000,2025-08-18 16:48:02+00:00,109.0,3.1,2.99,3.05,-0.10000014,-3.1250045,8.0,688,0.45606012695312503,False,REGULAR,USD
114,NVDA260618P00110000,2025-08-18 19:14:34+00:00,110.0,3.12,3.1,3.15,-0.18000007,-5.454548,6.0,24172,0.4537408142089844,False,REGULAR,USD
115,NVDA260618P00111000,2025-08-15 18:42:03+00:00,111.0,3.45,3.2,3.3,0.0,0.0,4.0,1068,0.4533135723876953,False,REGULAR,USD
116,NVDA260618P00112000,2025-08-18 15:48:16+00:00,112.0,3.4,3.3,3.4,-0.14999986,-4.225348,6.0,1321,0.4508111560058594,False,REGULAR,USD
117,NVDA260618P00113000,2025-08-18 19:11:34+00:00,113.0,3.45,3.4,3.5,-0.25,-6.756757,10.0,1546,0.4481866705322265,False,REGULAR,USD
118,NVDA260618P00114000,2025-08-15 18:33:53+00:00,114.0,3.8,3.55,3.65,0.0,0.0,3.0,2275,0.44739322143554683,False,REGULAR,USD
119,NVDA260618P00115000,2025-08-18 19:26:43+00:00,115.0,3.72,3.7,3.75,-0.23000002,-5.8227854,85.0,11792,0.4445856323242187,False,REGULAR,USD
120,NVDA260618P00116000,2025-08-15 18:07:29+00:00,116.0,4.1,3.8,3.9,0.0,0.0,3.0,1509,0.4435480450439453,False,REGULAR,USD
121,NVDA260618P00117000,2025-08-18 16:20:59+00:00,117.0,4.05,3.95,4.0,-0.19999981,-4.705878,3.0,1220,0.4405573522949219,False,REGULAR,USD
122,NVDA260618P00118000,2025-08-15 19:35:51+00:00,118.0,4.2,4.1,4.15,-0.20000029,-4.545461,9.0,2072,0.4392756268310547,False,REGULAR,USD
123,NVDA260618P00119000,2025-08-18 19:40:50+00:00,119.0,4.3,4.2,4.3,-0.25,-5.506608,4.0,2211,0.4378718322753906,False,REGULAR,USD
124,NVDA260618P00120000,2025-08-18 19:36:55+00:00,120.0,4.36,4.35,4.45,-0.33999968,-7.2340364,6.0,30035,0.4363459686279296,False,REGULAR,USD
125,NVDA260618P00121000,2025-08-15 18:07:30+00:00,121.0,4.85,4.5,4.6,0.0,0.0,13.0,1577,0.4346370013427735,False,REGULAR,USD
126,NVDA260618P00122000,2025-08-18 18:09:15+00:00,122.0,4.8,4.65,4.75,-0.19999981,-3.9999962,60.0,1589,0.43292803405761715,False,REGULAR,USD
127,NVDA260618P00123000,2025-08-18 17:09:28+00:00,123.0,5.05,4.8,4.9,-0.14999962,-2.8846083,177.0,1194,0.43103596313476567,False,REGULAR,USD
128,NVDA260618P00124000,2025-08-18 15:51:04+00:00,124.0,5.1,5.0,5.05,-0.25,-4.6728973,7.0,5717,0.4290828576660156,False,REGULAR,USD
129,NVDA260618P00125000,2025-08-18 19:03:22+00:00,125.0,5.22,5.15,5.25,-0.32000017,-5.776176,55.0,10872,0.42847251220703125,False,REGULAR,USD
130,NVDA260618P00126000,2025-08-15 18:17:49+00:00,126.0,5.75,5.3,5.4,0.0,0.0,102.0,2693,0.426336303100586,False,REGULAR,USD
131,NVDA260618P00127000,2025-08-15 18:07:30+00:00,127.0,5.9,5.5,5.6,0.0,0.0,3.0,1224,0.4254818194580079,False,REGULAR,USD
132,NVDA260618P00128000,2025-08-18 18:50:02+00:00,128.0,5.75,5.7,5.75,-0.3499999,-5.737704,272.0,1453,0.42310147216796873,False,REGULAR,USD
133,NVDA260618P00129000,2025-08-18 18:50:02+00:00,129.0,5.95,5.85,5.95,-0.35000038,-5.5555615,2.0,1828,0.42200285034179685,False,REGULAR,USD
134,NVDA260618P00130000,2025-08-18 19:26:19+00:00,130.0,6.1,6.05,6.15,-0.4000001,-6.153847,200.0,20375,0.4208431939697266,False,REGULAR,USD
135,NVDA260618P00132000,2025-08-15 18:17:24+00:00,132.0,6.95,6.45,6.55,0.0,0.0,5.0,12870,0.41809663940429687,False,REGULAR,USD
136,NVDA260618P00134000,2025-08-15 18:12:01+00:00,134.0,7.35,6.85,6.95,0.0,0.0,3.0,3107,0.41489232574462886,False,REGULAR,USD
137,NVDA260618P00135000,2025-08-18 19:30:10+00:00,135.0,7.15,7.05,7.15,-0.42000008,-5.5482173,24.0,6365,0.4131528411865234,False,REGULAR,USD
138,NVDA260618P00136000,2025-08-15 18:28:57+00:00,136.0,7.4,7.3,7.4,-0.4000001,-5.128206,1.0,4408,0.41251197845458976,False,REGULAR,USD
139,NVDA260618P00138000,2025-08-18 18:50:36+00:00,138.0,7.83,7.75,7.85,-0.42000008,-5.09091,2.0,3145,0.4097043893432617,False,REGULAR,USD
140,NVDA260618P00140000,2025-08-18 18:50:36+00:00,140.0,8.28,8.2,8.3,-0.52000046,-5.909096,12.0,12699,0.4064695584106446,False,REGULAR,USD
141,NVDA260618P00142000,2025-08-15 18:57:28+00:00,142.0,9.35,8.7,8.8,0.0,0.0,18.0,2583,0.4039366247558594,False,REGULAR,USD
142,NVDA260618P00144000,2025-08-15 18:29:28+00:00,144.0,9.8,9.2,9.35,0.0,0.0,18.0,2110,0.4020750711059571,False,REGULAR,USD
143,NVDA260618P00145000,2025-08-18 15:35:42+00:00,145.0,9.75,9.45,9.6,-0.35000038,-3.4653502,23.0,8895,0.4004576556396484,False,REGULAR,USD
144,NVDA260618P00146000,2025-08-15 18:11:08+00:00,146.0,10.4,9.75,9.85,0.0,0.0,32.0,1710,0.39871817108154295,False,REGULAR,USD
145,NVDA260618P00148000,2025-08-15 19:45:52+00:00,148.0,10.95,10.3,10.4,0.0,0.0,315.0,1318,0.39600213378906257,False,REGULAR,USD
146,NVDA260618P00150000,2025-08-18 19:30:10+00:00,150.0,10.95,10.9,11.0,-0.52000046,-4.53357,38.0,11710,0.39386592468261716,False,REGULAR,USD
147,NVDA260618P00152000,2025-08-18 16:20:59+00:00,152.0,11.7,11.5,11.6,-0.5,-4.0983605,1.0,2251,0.3913024737548828,False,REGULAR,USD
148,NVDA260618P00154000,2025-08-18 19:11:42+00:00,154.0,12.11,12.1,12.2,-0.78999996,-6.124031,12.0,1818,0.3883422982788086,False,REGULAR,USD
149,NVDA260618P00155000,2025-08-18 16:34:11+00:00,155.0,12.7,12.45,12.55,-0.5,-3.7878788,15.0,4379,0.3876404010009765,False,REGULAR,USD
150,NVDA260618P00156000,2025-08-15 18:14:20+00:00,156.0,13.55,12.75,12.85,0.0,0.0,16.0,833,0.3859314337158203,False,REGULAR,USD
151,NVDA260618P00158000,2025-08-15 18:16:51+00:00,158.0,14.3,13.45,13.55,0.0,0.0,22.0,1154,0.38400884552001957,False,REGULAR,USD
152,NVDA260618P00160000,2025-08-18 17:11:13+00:00,160.0,14.48,14.1,14.25,-0.42000008,-2.8187926,3.0,11365,0.3816590155029296,False,REGULAR,USD
153,NVDA260618P00162000,2025-08-18 14:52:34+00:00,162.0,15.25,14.85,14.95,-0.5,-3.1746032,20.0,1000,0.3789429782104492,False,REGULAR,USD
154,NVDA260618P00164000,2025-08-15 19:59:29+00:00,164.0,16.35,15.6,15.7,0.0,0.0,6.0,688,0.376684700012207,False,REGULAR,USD
155,NVDA260618P00165000,2025-08-18 14:14:30+00:00,165.0,16.2,15.95,16.1,-0.69999886,-4.142005,31.0,3723,0.3758302163696289,False,REGULAR,USD
156,NVDA260618P00166000,2025-08-18 19:14:51+00:00,166.0,16.4,16.35,16.45,-0.95000076,-5.4755087,4.0,315,0.37402969726562496,False,REGULAR,USD
157,NVDA260618P00167000,2025-08-18 13:33:35+00:00,167.0,16.94,16.75,16.9,-0.8599987,-4.831454,1.0,206,0.3737855590820312,False,REGULAR,USD
158,NVDA260618P00168000,2025-08-15 18:07:42+00:00,168.0,17.26,17.15,17.25,-0.84000015,-4.640885,1.0,315,0.3718019363403321,False,REGULAR,USD
159,NVDA260618P00169000,2025-08-18 19:05:11+00:00,169.0,17.6,17.55,17.65,-0.94999886,-5.121288,1.0,377,0.37055072814941403,False,REGULAR,USD
160,NVDA260618P00170000,2025-08-18 19:05:53+00:00,170.0,17.98,17.95,18.1,-0.9200001,-4.8677254,40.0,4849,0.37000141723632807,False,REGULAR,USD
161,NVDA260618P00171000,2025-08-18 15:45:45+00:00,171.0,18.7,18.4,18.5,-0.69999886,-3.6082416,2.0,909,0.36856710540771487,False,REGULAR,USD
162,NVDA260618P00172000,2025-08-18 18:14:40+00:00,172.0,19.19,18.8,18.95,-0.7099991,-3.5678346,5.0,944,0.36783469085693365,False,REGULAR,USD
163,NVDA260618P00173000,2025-08-18 16:38:34+00:00,173.0,19.7,19.2,19.35,-0.5999985,-2.9556577,1.0,247,0.36618675811767576,False,REGULAR,USD
164,NVDA260618P00174000,2025-08-15 18:09:44+00:00,174.0,20.75,19.65,19.8,0.0,0.0,6.0,1517,0.36524072265625,False,REGULAR,USD
165,NVDA260618P00175000,2025-08-18 16:18:27+00:00,175.0,20.43,20.1,20.25,-0.84000015,-3.949225,505.0,1506,0.3642031353759766,False,REGULAR,USD
166,NVDA260618P00176000,2025-08-15 18:10:07+00:00,176.0,21.7,20.55,20.7,0.0,0.0,1.0,1537,0.36307399627685544,False,REGULAR,USD
167,NVDA260618P00177000,2025-08-15 18:15:28+00:00,177.0,22.2,21.0,21.15,0.0,0.0,1.0,338,0.3618533053588867,False,REGULAR,USD
168,NVDA260618P00178000,2025-08-18 18:24:59+00:00,178.0,21.75,21.5,21.6,-0.95000076,-4.185025,12.0,443,0.3605105453491211,False,REGULAR,USD
169,NVDA260618P00179000,2025-08-18 19:19:45+00:00,179.0,22.04,21.95,22.1,-1.0999985,-4.753667,10.0,398,0.35986968261718744,False,REGULAR,USD
170,NVDA260618P00180000,2025-08-18 19:20:23+00:00,180.0,22.49,22.4,22.55,-1.1800003,-4.9852147,21.0,1937,0.3583743362426758,False,REGULAR,USD
171,NVDA260618P00181000,2025-08-18 19:22:18+00:00,181.0,22.99,22.9,23.05,-1.1100006,-4.6058116,17.0,834,0.35751985260009767,False,REGULAR,USD
172,NVDA260618P00182000,2025-08-18 19:01:35+00:00,182.0,23.5,23.4,23.55,-1.1000004,-4.471546,4.0,186,0.35657381713867187,False,REGULAR,USD
173,NVDA260618P00183000,2025-08-18 14:23:14+00:00,183.0,24.25,23.9,24.05,-0.8999996,-3.5785275,189.0,778,0.3555667471313476,True,REGULAR,USD
174,NVDA260618P00184000,2025-08-15 18:07:34+00:00,184.0,25.65,24.4,24.55,0.0,0.0,3.0,332,0.35443760803222646,True,REGULAR,USD
175,NVDA260618P00185000,2025-08-18 19:19:43+00:00,185.0,25.0,24.9,25.05,-1.1499996,-4.397704,11.0,978,0.35321691711425773,True,REGULAR,USD
176,NVDA260618P00186000,2025-08-18 18:36:17+00:00,186.0,25.7,25.4,25.55,-1.0,-3.7453182,2.0,173,0.3518741571044921,True,REGULAR,USD
177,NVDA260618P00187000,2025-08-15 18:07:29+00:00,187.0,27.25,25.9,26.1,0.0,0.0,30.0,408,0.35123329437255857,True,REGULAR,USD
178,NVDA260618P00188000,2025-08-15 13:38:54+00:00,188.0,27.7,26.45,26.6,0.0,0.0,10.0,68,0.3497379479980468,True,REGULAR,USD
179,NVDA260618P00189000,2025-08-07 17:26:47+00:00,189.0,27.4,27.0,27.15,-0.8500004,-3.0088508,2.0,435,0.34888346435546874,True,REGULAR,USD
180,NVDA260618P00190000,2025-08-18 15:46:21+00:00,190.0,28.01,27.55,27.7,-0.789999,-2.7430522,10.0,4518,0.3479374288940429,True,REGULAR,USD
181,NVDA260618P00191000,2025-08-13 13:36:08+00:00,191.0,27.69,28.05,28.25,0.0,0.0,1.0,226,0.3468998416137695,True,REGULAR,USD
182,NVDA260618P00192000,2025-08-14 14:08:47+00:00,192.0,29.0,28.65,28.8,0.0,0.0,32.0,180,0.34577070251464836,True,REGULAR,USD
183,NVDA260618P00193000,2025-08-14 13:54:53+00:00,193.0,29.85,29.2,29.35,0.0,0.0,16.0,141,0.34455001159667964,True,REGULAR,USD
184,NVDA260618P00194000,2025-08-13 15:20:17+00:00,194.0,31.05,29.75,29.95,0.0,0.0,1.0,17,0.34400070068359373,True,REGULAR,USD
185,NVDA260618P00195000,2025-08-18 18:31:26+00:00,195.0,30.7,30.3,30.5,0.6000004,1.9933567,1.0,145,0.34256638885498036,True,REGULAR,USD
186,NVDA260618P00200000,2025-08-18 18:47:23+00:00,200.0,33.55,33.3,33.5,-0.2800026,-0.8276754,5.0,658,0.33789724609375,True,REGULAR,USD
187,NVDA260618P00205000,2025-08-12 14:23:31+00:00,205.0,37.75,36.4,36.6,0.0,0.0,15.0,67,0.3323736196899414,True,REGULAR,USD
188,NVDA260618P00210000,2025-08-15 15:53:46+00:00,210.0,41.9,39.65,39.85,0.0,0.0,2.0,29,0.3268194760131836,True,REGULAR,USD
189,NVDA260618P00212000,2025-07-11 13:35:43+00:00,212.0,53.35,41.0,41.25,0.0,0.0,3.0,12,0.32553775054931633,True,REGULAR,USD
190,NVDA260618P00213000,2025-07-31 15:51:09+00:00,213.0,42.65,41.65,41.9,0.0,0.0,10.0,15,0.323950852355957,True,REGULAR,USD
191,NVDA260618P00214000,2025-07-11 13:35:22+00:00,214.0,54.95,42.35,42.6,0.0,0.0,3.0,3,0.32306585144042954,True,REGULAR,USD
192,NVDA260618P00215000,2025-07-18 17:45:08+00:00,215.0,50.0,44.45,44.75,0.0,0.0,2.0,9,0.34570966796874997,True,REGULAR,USD
193,NVDA260618P00216000,2025-07-16 17:34:01+00:00,216.0,52.3,45.15,45.45,0.0,0.0,56.0,69,0.34479414978027345,True,REGULAR,USD
194,NVDA260618P00217000,2025-07-15 13:36:05+00:00,217.0,52.6,0.0,0.0,0.0,0.0,3.0,11,1.0000000000000003e-05,True,REGULAR,USD
195,NVDA260618P00218000,2025-08-15 16:07:22+00:00,218.0,47.53,45.15,45.35,0.0,0.0,2.0,63,0.3177558459472656,True,REGULAR,USD
196,NVDA260618P00219000,2025-07-09 18:00:04+00:00,219.0,60.8,45.85,46.15,0.0,0.0,4.0,7,0.31809153594970696,True,REGULAR,USD
197,NVDA260618P00220000,2025-08-11 18:02:14+00:00,220.0,46.6,46.55,46.75,0.0,0.0,4.0,157,0.3149177395629882,True,REGULAR,USD
198,NVDA260618P00221000,2025-07-16 18:48:57+00:00,221.0,56.1,48.55,51.45,0.0,0.0,63.0,68,0.3802552209472656,True,REGULAR,USD
199,NVDA260618P00222000,2025-08-08 14:21:51+00:00,222.0,48.6,48.0,48.25,0.0,0.0,1.0,139,0.31342239318847653,True,REGULAR,USD
200,NVDA260618P00223000,2025-07-17 13:52:15+00:00,223.0,56.65,49.95,50.7,0.0,0.0,3.0,3,0.3419865606689453,True,REGULAR,USD
201,NVDA260618P00224000,2025-07-29 13:38:40+00:00,224.0,51.3,49.45,49.7,0.0,0.0,3.0,187,0.31061480407714837,True,REGULAR,USD
202,NVDA260618P00225000,2025-08-12 19:52:57+00:00,225.0,50.2,50.25,50.55,0.0,0.0,1.0,151,0.3113472186279296,True,REGULAR,USD
203,NVDA260618P00226000,2025-07-31 13:59:15+00:00,226.0,51.2,51.0,51.3,0.0,0.0,3.0,37,0.3101570449829102,True,REGULAR,USD
204,NVDA260618P00227000,2025-08-08 16:36:34+00:00,227.0,51.78,51.75,52.05,0.0,0.0,1.0,57,0.3088753195190429,True,REGULAR,USD
205,NVDA260618P00228000,2025-08-07 14:14:17+00:00,228.0,52.45,52.5,52.8,0.0,0.0,6.0,12,0.30750204223632804,True,REGULAR,USD
206,NVDA260618P00230000,2025-08-07 14:14:07+00:00,230.0,54.0,54.05,54.3,0.0,0.0,7.0,113,0.30438928039550783,True,REGULAR,USD
207,NVDA260618P00235000,2025-08-07 14:13:56+00:00,235.0,57.92,58.0,58.25,0.0,0.0,3.0,64,0.2986825503540038,True,REGULAR,USD
208,NVDA260618P00240000,2025-08-18 19:11:11+00:00,240.0,61.8,62.0,62.3,-2.2500038,-3.5128863,1.0,111,0.2923654748535155,True,REGULAR,USD
209,NVDA260618P00245000,2025-07-31 14:04:24+00:00,245.0,66.45,66.2,66.6,0.0,0.0,2.0,174,0.2891611611938476,True,REGULAR,USD
210,NVDA260618P00250000,2025-08-14 15:23:24+00:00,250.0,71.0,70.5,70.85,0.0,0.0,2.0,333,0.28211167114257807,True,REGULAR,USD
211,NVDA260618P00255000,2025-08-12 14:28:02+00:00,255.0,76.2,74.8,75.35,0.0,0.0,24.0,177,0.27924304748535156,True,REGULAR,USD
212,NVDA260618P00260000,2025-08-11 15:36:26+00:00,260.0,79.85,79.3,79.65,1.4000015,1.7845782,1.0,37,0.266608896484375,True,REGULAR,USD
213,NVDA260618P00265000,2025-08-12 14:15:05+00:00,265.0,85.3,83.9,84.25,0.0,0.0,23.0,36,0.260749580078125,True,REGULAR,USD
214,NVDA260618P00270000,2025-08-11 15:03:19+00:00,270.0,88.0,88.45,88.85,0.0,0.0,23.0,33,0.25086198364257806,True,REGULAR,USD
215,NVDA260618P00275000,2025-08-12 14:34:29+00:00,275.0,94.38,93.05,93.75,0.0,0.0,3.0,13,0.2541578491210938,True,REGULAR,USD
216,NVDA260618P00280000,2025-08-18 19:07:01+00:00,280.0,97.89,97.85,98.5,-2.1100006,-2.1100006,1.0,2,0.24573508178710937,True,REGULAR,USD
217,NVDA260618P00290000,2025-07-17 16:31:47+00:00,290.0,116.84,107.85,110.8,0.0,0.0,2.0,0,0.3657900335693359,True,REGULAR,USD
218,NVDA260618P00300000,2025-08-06 16:50:54+00:00,300.0,122.11,114.85,120.75,0.0,0.0,8.0,0,0.38269660278320305,True,REGULAR,USD
219,NVDA260618P00310000,2025-07-29 15:55:56+00:00,310.0,133.33,127.1,128.45,0.0,0.0,1.0,0,0.28711650390624993,True,REGULAR,USD
220,NVDA260618P00320000,2025-07-15 17:41:45+00:00,320.0,149.29,0.0,0.0,0.0,0.0,2.0,0,1.0000000000000003e-05,True,REGULAR,USD
221,NVDA260618P00330000,2024-06-06 15:53:50+00:00,330.0,7.0,6.3,7.5,0.0,0.0,2.0,130,1.0000000000000003e-05,True,REGULAR,USD
222,NVDA260618P00340000,2025-07-31 19:07:53+00:00,340.0,162.11,156.5,158.6,0.0,0.0,15.0,0,0.3404606970214844,True,REGULAR,USD
223,NVDA260618P00350000,2024-06-06 17:54:37+00:00,350.0,8.25,7.75,8.45,0.0,0.0,150.0,271,1.0000000000000003e-05,True,REGULAR,USD
224,NVDA260618P00360000,2024-06-06 13:49:40+00:00,360.0,9.0,8.05,9.3,0.0,0.0,1.0,82,1.0000000000000003e-05,True,REGULAR,USD
225,NVDA260618P00370000,2024-06-07 14:27:47+00:00,370.0,10.16,8.75,10.0,0.59,6.1651,1.0,25,1.0000000000000003e-05,True,REGULAR,USD
226,NVDA260618P00380000,2024-05-31 15:15:47+00:00,380.0,12.0,9.45,10.7,0.0,0.0,20.0,76,1.0000000000000003e-05,True,REGULAR,USD
227,NVDA260618P00390000,2024-06-06 18:49:42+00:00,390.0,11.09,10.2,11.45,0.0,0.0,5.0,83,1.0000000000000003e-05,True,REGULAR,USD
228,NVDA260618P00400000,2024-06-07 14:35:20+00:00,400.0,12.3,11.3,12.0,0.45,3.79747,1.0,172,1.0000000000000003e-05,True,REGULAR,USD
229,NVDA260618P00410000,2024-05-28 14:26:06+00:00,410.0,13.12,11.8,13.05,0.0,0.0,4.0,39,1.0000000000000003e-05,True,REGULAR,USD
230,NVDA260618P00420000,2024-06-04 19:46:30+00:00,420.0,13.85,12.65,13.95,0.0,0.0,3.0,38,1.0000000000000003e-05,True,REGULAR,USD
231,NVDA260618P00430000,2024-05-23 14:17:19+00:00,430.0,17.8,13.55,14.85,0.0,0.0,2.0,54,1.0000000000000003e-05,True,REGULAR,USD
232,NVDA260618P00440000,2024-06-05 18:19:38+00:00,440.0,15.5,14.5,15.8,0.0,0.0,10.0,146,1.0000000000000003e-05,True,REGULAR,USD
233,NVDA260618P00450000,2024-06-06 18:54:01+00:00,450.0,16.7,15.85,16.7,0.0,0.0,1.0,383,1.0000000000000003e-05,True,REGULAR,USD
234,NVDA260618P00460000,2024-05-31 13:45:09+00:00,460.0,19.9,16.55,17.9,0.0,0.0,5.0,34,1.0000000000000003e-05,True,REGULAR,USD
235,NVDA260618P00470000,2024-05-29 18:39:12+00:00,470.0,19.65,17.6,19.0,0.0,0.0,3.0,124,1.0000000000000003e-05,True,REGULAR,USD
236,NVDA260618P00480000,2024-06-06 18:12:04+00:00,480.0,20.5,18.75,20.15,0.0,0.0,2.0,82,1.0000000000000003e-05,True,REGULAR,USD
237,NVDA260618P00490000,2024-06-05 16:16:11+00:00,490.0,21.17,19.95,21.35,0.0,0.0,1.0,81,1.0000000000000003e-05,True,REGULAR,USD
238,NVDA260618P00500000,2024-06-07 19:37:48+00:00,500.0,22.35,21.55,22.5,-0.58,-2.52944,5.0,323,1.0000000000000003e-05,True,REGULAR,USD
239,NVDA260618P00510000,2024-05-24 16:38:37+00:00,510.0,28.35,22.45,23.95,0.0,0.0,1.0,36,1.0000000000000003e-05,True,REGULAR,USD
240,NVDA260618P00520000,2024-06-07 17:43:02+00:00,520.0,24.7,24.15,25.25,-0.66,-2.60252,6.0,632,1.0000000000000003e-05,True,REGULAR,USD
241,NVDA260618P00530000,2024-06-05 14:59:05+00:00,530.0,26.68,25.25,26.7,0.0,0.0,3.0,118,1.0000000000000003e-05,True,REGULAR,USD
242,NVDA260618P00540000,2024-06-05 18:43:54+00:00,540.0,27.52,26.7,28.15,0.0,0.0,1.0,42,1.0000000000000003e-05,True,REGULAR,USD
243,NVDA260618P00550000,2024-06-06 18:59:53+00:00,550.0,30.15,28.7,29.65,0.0,0.0,25.0,168,1.0000000000000003e-05,True,REGULAR,USD
244,NVDA260618P00560000,2024-06-07 15:13:34+00:00,560.0,32.75,30.0,31.2,-4.9,-13.0146,1.0,19,1.0000000000000003e-05,True,REGULAR,USD
245,NVDA260618P00570000,2024-05-23 16:39:41+00:00,570.0,39.7,31.7,32.9,0.0,0.0,14.0,76,1.0000000000000003e-05,True,REGULAR,USD
246,NVDA260618P00580000,2024-05-31 16:03:02+00:00,580.0,41.62,33.25,34.6,0.0,0.0,3.0,79,1.0000000000000003e-05,True,REGULAR,USD
247,NVDA260618P00590000,2024-06-05 14:44:34+00:00,590.0,36.61,35.0,36.45,0.0,0.0,2.0,54,1.0000000000000003e-05,True,REGULAR,USD
248,NVDA260618P00600000,2024-06-07 15:28:52+00:00,600.0,40.1,37.05,38.15,1.15,2.9525,1.0,635,1.0000000000000003e-05,True,REGULAR,USD
249,NVDA260618P00610000,2024-06-06 15:03:24+00:00,610.0,40.0,38.9,40.1,0.0,0.0,3.0,71,1.0000000000000003e-05,True,REGULAR,USD
250,NVDA260618P00620000,2024-05-13 15:50:38+00:00,620.0,74.68,40.5,42.15,0.0,0.0,1.0,53,1.0000000000000003e-05,True,REGULAR,USD
251,NVDA260618P00630000,2024-06-05 16:16:11+00:00,630.0,44.25,42.5,44.6,0.0,0.0,11.0,62,1.0000000000000003e-05,True,REGULAR,USD
252,NVDA260618P00640000,2024-06-05 13:51:43+00:00,640.0,47.21,44.5,46.1,0.0,0.0,1.0,64,1.0000000000000003e-05,True,REGULAR,USD
253,NVDA260618P00650000,2024-06-07 15:06:09+00:00,650.0,50.14,46.95,48.35,0.139999,0.279999,5.0,145,1.0000000000000003e-05,True,REGULAR,USD
254,NVDA260618P00660000,2024-05-29 18:49:36+00:00,660.0,53.68,48.75,50.45,0.0,0.0,2.0,124,1.0000000000000003e-05,True,REGULAR,USD
255,NVDA260618P00670000,2024-05-28 18:35:11+00:00,670.0,57.3,51.05,52.75,0.0,0.0,17.0,40,1.0000000000000003e-05,True,REGULAR,USD
256,NVDA260618P00680000,2024-05-28 18:43:22+00:00,680.0,60.05,53.25,55.05,0.0,0.0,3.0,42,1.0000000000000003e-05,True,REGULAR,USD
257,NVDA260618P00690000,2024-06-07 17:45:00+00:00,690.0,57.05,55.6,57.35,-1.05,-1.80723,1.0,55,1.0000000000000003e-05,True,REGULAR,USD
258,NVDA260618P00700000,2024-06-07 17:18:31+00:00,700.0,58.93,58.4,59.9,-3.07,-4.95161,4.0,6837,1.0000000000000003e-05,True,REGULAR,USD
259,NVDA260618P00710000,2024-06-07 13:34:41+00:00,710.0,64.86,60.7,62.7,-2.12,-3.16513,1.0,18,1.0000000000000003e-05,True,REGULAR,USD
260,NVDA260618P00720000,2024-06-07 15:03:50+00:00,720.0,67.23,63.15,65.1,-3.17,-4.50284,3.0,59,1.0000000000000003e-05,True,REGULAR,USD
261,NVDA260618P00730000,2024-05-28 13:56:22+00:00,730.0,73.47,65.05,68.05,0.0,0.0,10.0,1382,1.0000000000000003e-05,True,REGULAR,USD
262,NVDA260618P00740000,2024-06-05 19:41:53+00:00,740.0,68.87,68.55,70.25,0.0,0.0,1.0,31,1.0000000000000003e-05,True,REGULAR,USD
263,NVDA260618P00750000,2024-06-07 18:24:46+00:00,750.0,73.25,71.35,73.05,-0.449997,-0.610579,7.0,7717,1.0000000000000003e-05,True,REGULAR,USD
264,NVDA260618P00760000,2024-06-07 19:42:52+00:00,760.0,74.8,73.3,76.0,-0.209999,-0.279961,2.0,1454,1.0000000000000003e-05,True,REGULAR,USD
265,NVDA260618P00770000,2024-06-05 19:14:49+00:00,770.0,77.13,76.95,78.85,0.0,0.0,2.0,116,1.0000000000000003e-05,True,REGULAR,USD
266,NVDA260618P00780000,2024-06-05 14:48:58+00:00,780.0,82.18,79.85,81.8,0.0,0.0,10.0,39,1.0000000000000003e-05,True,REGULAR,USD
267,NVDA260618P00790000,2024-06-07 13:41:17+00:00,790.0,88.23,82.8,84.8,2.95,3.4592,1.0,26,1.0000000000000003e-05,True,REGULAR,USD
268,NVDA260618P00800000,2024-06-07 13:30:35+00:00,800.0,91.0,85.95,87.75,0.5,0.552486,2.0,260,1.0000000000000003e-05,True,REGULAR,USD
269,NVDA260618P00810000,2024-05-29 14:54:19+00:00,810.0,98.25,88.95,90.9,0.0,0.0,2.0,23,1.0000000000000003e-05,True,REGULAR,USD
270,NVDA260618P00820000,2024-06-05 19:56:17+00:00,820.0,92.06,92.1,94.1,0.0,0.0,2.0,82,1.0000000000000003e-05,True,REGULAR,USD
271,NVDA260618P00830000,2024-05-17 18:07:52+00:00,830.0,154.65,95.3,97.35,0.0,0.0,6.0,6,1.0000000000000003e-05,True,REGULAR,USD
272,NVDA260618P00840000,2024-06-06 15:01:07+00:00,840.0,101.52,98.6,100.75,0.0,0.0,12.0,39,1.0000000000000003e-05,True,REGULAR,USD
273,NVDA260618P00850000,2024-05-28 14:14:54+00:00,850.0,114.55,102.05,104.0,0.0,0.0,2.0,35,1.0000000000000003e-05,True,REGULAR,USD
274,NVDA260618P00860000,2024-06-05 14:29:35+00:00,860.0,108.32,105.3,107.45,0.0,0.0,3.0,45,1.0000000000000003e-05,True,REGULAR,USD
275,NVDA260618P00870000,2024-05-24 19:56:52+00:00,870.0,131.8,108.8,110.95,0.0,0.0,4.0,61,1.0000000000000003e-05,True,REGULAR,USD
276,NVDA260618P00880000,2024-06-04 19:18:21+00:00,880.0,121.0,112.3,114.5,0.0,0.0,10.0,31,1.0000000000000003e-05,True,REGULAR,USD
277,NVDA260618P00890000,2024-05-28 14:52:33+00:00,890.0,129.25,115.9,118.15,0.0,0.0,1.0,10,1.0000000000000003e-05,True,REGULAR,USD
278,NVDA260618P00900000,2024-06-07 18:39:29+00:00,900.0,122.85,119.65,121.75,-2.55,-2.0335,1.0,187,1.0000000000000003e-05,True,REGULAR,USD
279,NVDA260618P00910000,2024-06-04 16:56:38+00:00,910.0,134.5,123.2,125.55,0.0,0.0,5.0,25,1.0000000000000003e-05,True,REGULAR,USD
280,NVDA260618P00920000,2024-06-07 19:21:19+00:00,920.0,129.86,127.0,129.35,-10.09,-7.20972,3.0,12,1.0000000000000003e-05,True,REGULAR,USD
281,NVDA260618P00930000,2024-06-07 19:05:07+00:00,930.0,132.94,130.8,133.25,-24.46,-15.54,2.0,7,1.0000000000000003e-05,True,REGULAR,USD
282,NVDA260618P00940000,2024-06-07 19:20:29+00:00,940.0,137.84,134.75,137.15,-2.08,-1.48657,1.0,28,1.0000000000000003e-05,True,REGULAR,USD
283,NVDA260618P00950000,2024-06-06 15:02:21+00:00,950.0,141.2,138.75,141.05,0.0,0.0,220.0,161,1.0000000000000003e-05,True,REGULAR,USD
284,NVDA260618P00960000,2024-05-29 15:58:23+00:00,960.0,156.95,142.7,145.2,0.0,0.0,4.0,13,1.0000000000000003e-05,True,REGULAR,USD
285,NVDA260618P00970000,2024-06-05 18:59:20+00:00,970.0,146.8,146.75,149.25,0.0,0.0,11.0,20,1.0000000000000003e-05,True,REGULAR,USD
286,NVDA260618P00980000,2024-06-06 15:22:27+00:00,980.0,155.0,150.85,153.4,0.0,0.0,5.0,29,1.0000000000000003e-05,True,REGULAR,USD
287,NVDA260618P00990000,2024-06-06 15:03:15+00:00,990.0,156.59,155.0,157.65,0.0,0.0,100.0,106,1.0000000000000003e-05,True,REGULAR,USD
288,NVDA260618P01000000,2024-06-07 19:48:44+00:00,1000.0,160.25,159.4,161.9,-5.85001,-3.52198,3.0,451,1.0000000000000003e-05,True,REGULAR,USD
289,NVDA260618P01010000,2024-06-06 19:47:00+00:00,1010.0,168.65,163.55,166.1,0.0,0.0,2.0,80,1.0000000000000003e-05,True,REGULAR,USD
290,NVDA260618P01020000,2024-05-30 16:14:28+00:00,1020.0,184.19,167.95,170.65,0.0,0.0,2.0,40,1.0000000000000003e-05,True,REGULAR,USD
291,NVDA260618P01030000,2024-03-19 14:51:29+00:00,1030.0,298.2,297.2,302.9,0.0,0.0,7.0,12,1.0000000000000003e-05,True,REGULAR,USD
292,NVDA260618P01040000,2024-06-05 19:31:30+00:00,1040.0,176.39,176.75,179.3,0.0,0.0,2.0,8,1.0000000000000003e-05,True,REGULAR,USD
293,NVDA260618P01050000,2024-05-31 14:32:25+00:00,1050.0,214.45,181.45,184.1,0.0,0.0,2.0,74,1.0000000000000003e-05,True,REGULAR,USD
294,NVDA260618P01060000,2024-06-03 17:48:33+00:00,1060.0,204.05,185.95,188.85,0.0,0.0,3.0,10,1.0000000000000003e-05,True,REGULAR,USD
295,NVDA260618P01070000,2024-05-28 15:18:53+00:00,1070.0,211.98,190.6,193.1,0.0,0.0,6.0,19,1.0000000000000003e-05,True,REGULAR,USD
296,NVDA260618P01080000,2024-05-14 15:34:34+00:00,1080.0,304.39,195.3,198.3,0.0,0.0,4.0,5,1.0000000000000003e-05,True,REGULAR,USD
297,NVDA260618P01090000,2024-06-04 19:36:55+00:00,1090.0,214.43,200.0,203.05,0.0,0.0,2.0,9,1.0000000000000003e-05,True,REGULAR,USD
298,NVDA260618P01100000,2024-06-07 14:59:58+00:00,1100.0,213.29,205.0,207.5,9.01999,4.41572,1.0,36,1.0000000000000003e-05,True,REGULAR,USD
299,NVDA260618P01110000,2024-05-28 13:30:06+00:00,1110.0,247.55,209.65,212.8,0.0,0.0,12.0,10,1.0000000000000003e-05,True,REGULAR,USD
300,NVDA260618P01120000,2024-02-05 19:10:47+00:00,1120.0,447.91,337.1,342.15,0.0,0.0,2.0,0,1.0000000000000003e-05,True,REGULAR,USD
301,NVDA260618P01130000,2024-05-29 17:22:59+00:00,1130.0,237.66,219.6,222.45,0.0,0.0,2.0,7,1.0000000000000003e-05,True,REGULAR,USD
302,NVDA260618P01140000,2024-06-05 13:42:39+00:00,1140.0,234.6,224.65,227.55,0.0,0.0,2.0,6,1.0000000000000003e-05,True,REGULAR,USD
303,NVDA260618P01150000,2024-06-07 16:20:00+00:00,1150.0,234.32,229.85,232.6,-3.53999,-1.48827,1.0,172,1.0000000000000003e-05,True,REGULAR,USD
304,NVDA260618P01160000,2024-06-06 13:50:23+00:00,1160.0,235.81,234.9,237.85,0.0,0.0,1.0,34,1.0000000000000003e-05,True,REGULAR,USD
305,NVDA260618P01170000,2024-06-06 17:01:18+00:00,1170.0,250.85,240.05,243.4,0.0,0.0,1.0,7,1.0000000000000003e-05,True,REGULAR,USD
306,NVDA260618P01180000,2024-06-07 15:15:52+00:00,1180.0,255.42,245.25,248.35,-12.93,-4.81834,1.0,4,1.0000000000000003e-05,True,REGULAR,USD
307,NVDA260618P01190000,2024-06-05 18:03:20+00:00,1190.0,250.45,250.55,254.0,0.0,0.0,12.0,37,1.0000000000000003e-05,True,REGULAR,USD
308,NVDA260618P01200000,2024-06-07 17:30:40+00:00,1200.0,258.0,256.15,259.3,-4.5,-1.71429,2.0,33,1.0000000000000003e-05,True,REGULAR,USD
309,NVDA260618P01210000,2024-06-05 18:33:47+00:00,1210.0,261.45,261.45,264.85,0.0,0.0,1.0,7,1.0000000000000003e-05,True,REGULAR,USD
310,NVDA260618P01220000,2024-05-29 16:51:46+00:00,1220.0,288.04,266.9,270.35,0.0,0.0,54.0,41,1.0000000000000003e-05,True,REGULAR,USD
311,NVDA260618P01230000,2024-05-30 15:08:39+00:00,1230.0,301.16,272.3,276.0,0.0,0.0,7.0,15,1.0000000000000003e-05,True,REGULAR,USD
312,NVDA260618P01240000,2024-05-31 16:03:40+00:00,1240.0,324.6,277.8,281.2,0.0,0.0,2.0,80,1.0000000000000003e-05,True,REGULAR,USD
313,NVDA260618P01250000,2024-05-29 16:59:22+00:00,1250.0,304.65,283.6,287.05,0.0,0.0,2.0,77,1.0000000000000003e-05,True,REGULAR,USD
314,NVDA260618P01260000,2024-06-04 17:04:55+00:00,1260.0,311.97,289.15,292.85,0.0,0.0,1.0,32,1.0000000000000003e-05,True,REGULAR,USD
315,NVDA260618P01270000,2024-05-15 13:32:23+00:00,1270.0,428.51,295.0,298.3,0.0,0.0,4.0,86,1.0000000000000003e-05,True,REGULAR,USD
316,NVDA260618P01280000,2024-05-31 16:03:52+00:00,1280.0,350.1,300.65,304.1,0.0,0.0,4.0,90,1.0000000000000003e-05,True,REGULAR,USD
317,NVDA260618P01290000,2024-06-03 14:15:21+00:00,1290.0,333.57,306.2,310.2,0.0,0.0,1.0,44,1.0000000000000003e-05,True,REGULAR,USD
318,NVDA260618P01300000,2024-06-04 17:04:55+00:00,1300.0,336.64,312.05,315.95,0.0,0.0,3.0,42,1.0000000000000003e-05,True,REGULAR,USD
319,NVDA260618P01320000,2024-06-03 14:34:39+00:00,1320.0,352.71,323.65,328.25,0.0,0.0,1.0,95,1.0000000000000003e-05,True,REGULAR,USD
320,NVDA260618P01340000,2024-06-03 14:42:08+00:00,1340.0,365.03,335.7,340.55,0.0,0.0,2.0,141,1.0000000000000003e-05,True,REGULAR,USD
321,NVDA260618P01360000,2024-06-05 19:06:17+00:00,1360.0,348.9,348.0,352.5,0.0,0.0,5.0,126,1.0000000000000003e-05,True,REGULAR,USD
322,NVDA260618P01380000,2024-04-25 19:32:07+00:00,1380.0,583.46,415.6,429.45,0.0,0.0,58.0,58,1.0000000000000003e-05,True,REGULAR,USD
323,NVDA260618P01400000,2024-06-06 17:53:31+00:00,1400.0,384.46,369.85,379.45,0.0,0.0,14.0,172,1.0000000000000003e-05,True,REGULAR,USD
324,NVDA260618P01440000,2024-04-25 18:53:45+00:00,1440.0,635.94,459.35,474.7,0.0,0.0,7.0,12,1.0000000000000003e-05,True,REGULAR,USD
325,NVDA260618P01460000,2024-04-25 19:32:07+00:00,1460.0,653.35,472.1,488.7,0.0,0.0,58.0,58,1.0000000000000003e-05,True,REGULAR,USD
326,NVDA260618P01480000,2024-02-14 15:52:13+00:00,1480.0,748.4,632.05,645.85,0.0,0.0,2.0,0,1.0000000000000003e-05,True,REGULAR,USD
327,NVDA260618P01500000,2024-06-05 14:02:24+00:00,1500.0,449.96,435.65,446.05,0.0,0.0,2.0,11,1.0000000000000003e-05,True,REGULAR,USD
328,NVDA260618P01520000,2024-03-13 15:43:53+00:00,1520.0,675.2,657.15,674.0,0.0,0.0,,3,1.0000000000000003e-05,True,REGULAR,USD
329,NVDA260618P01540000,2024-03-13 15:43:52+00:00,1540.0,690.9,672.05,692.0,0.0,0.0,,2,1.0000000000000003e-05,True,REGULAR,USD
330,NVDA260618P01560000,2024-03-13 15:44:41+00:00,1560.0,707.73,690.4,710.0,0.0,0.0,,1,1.0000000000000003e-05,True,REGULAR,USD
331,NVDA260618P01580000,2024-03-13 16:24:21+00:00,1580.0,721.08,709.2,728.0,0.0,0.0,2.0,12,1.0000000000000003e-05,True,REGULAR,USD
332,NVDA260618P01600000,2024-05-31 15:54:29+00:00,1600.0,582.25,504.85,520.2,0.0,0.0,1.0,11,1.0000000000000003e-05,True,REGULAR,USD
333,NVDA260618P01620000,2024-02-27 18:14:08+00:00,1620.0,828.0,732.85,752.0,0.0,0.0,,0,1.0000000000000003e-05,True,REGULAR,USD
334,NVDA260618P01640000,2024-03-08 16:42:55+00:00,1640.0,758.2,766.85,780.45,0.0,0.0,12.0,12,1.0000000000000003e-05,True,REGULAR,USD
335,NVDA260618P01650000,2024-04-05 13:38:12+00:00,1650.0,796.65,768.0,788.0,0.0,0.0,1.0,0,1.0000000000000003e-05,True,REGULAR,USD
336,NVDA260618P01660000,2024-05-24 19:27:39+00:00,1660.0,636.53,549.0,565.3,0.0,0.0,12.0,12,1.0000000000000003e-05,True,REGULAR,USD
337,NVDA260618P01670000,2024-04-02 13:38:16+00:00,1670.0,799.0,820.3,844.3,0.0,0.0,,0,1.0000000000000003e-05,True,REGULAR,USD
338,NVDA260618P01700000,2024-06-05 14:02:24+00:00,1700.0,595.95,578.55,595.55,0.0,0.0,4.0,9,1.0000000000000003e-05,True,REGULAR,USD
339,NVDA260618P01710000,2024-05-28 17:07:42+00:00,1710.0,639.06,586.85,603.45,0.0,0.0,54.0,58,1.0000000000000003e-05,True,REGULAR,USD
340,NVDA260618P01720000,2024-05-24 19:27:39+00:00,1720.0,686.92,594.75,611.25,0.0,0.0,12.0,13,1.0000000000000003e-05,True,REGULAR,USD
341,NVDA260618P01730000,2024-03-08 16:42:54+00:00,1730.0,839.5,848.0,866.0,0.0,0.0,1.0,1,1.0000000000000003e-05,True,REGULAR,USD
342,NVDA260618P01740000,2024-05-23 16:32:56+00:00,1740.0,717.22,610.65,627.0,0.0,0.0,2.0,0,1.0000000000000003e-05,True,REGULAR,USD
343,NVDA260618P01750000,2024-05-28 17:07:42+00:00,1750.0,671.57,618.6,635.15,0.0,0.0,54.0,52,1.0000000000000003e-05,True,REGULAR,USD
344,NVDA260618P01760000,2024-03-07 17:34:57+00:00,1760.0,856.95,876.0,894.0,0.0,0.0,,1,1.0000000000000003e-05,True,REGULAR,USD
345,NVDA260618P01770000,2024-03-08 16:42:54+00:00,1770.0,876.15,887.7,904.0,0.0,0.0,2.0,2,1.0000000000000003e-05,True,REGULAR,USD
346,NVDA260618P01780000,2024-05-23 13:30:01+00:00,1780.0,777.03,642.3,659.15,0.0,0.0,,1,1.0000000000000003e-05,True,REGULAR,USD
347,NVDA260618P01790000,2024-04-18 13:51:14+00:00,1790.0,946.18,866.25,884.0,0.0,0.0,6.0,0,1.0000000000000003e-05,True,REGULAR,USD
348,NVDA260618P01800000,2024-05-24 18:24:36+00:00,1800.0,764.82,656.6,674.0,0.0,0.0,6.0,8,1.0000000000000003e-05,True,REGULAR,USD
349,NVDA260618P01840000,2024-05-23 16:32:56+00:00,1840.0,805.6,690.2,707.8,0.0,0.0,4.0,0,1.0000000000000003e-05,True,REGULAR,USD
350,NVDA260618P01880000,2024-05-23 13:30:01+00:00,1880.0,870.16,722.4,739.95,0.0,0.0,,1,1.0000000000000003e-05,True,REGULAR,USD
351,NVDA260618P01890000,2024-04-18 13:51:14+00:00,1890.0,1044.79,960.0,980.0,0.0,0.0,,0,1.0000000000000003e-05,True,REGULAR,USD
352,NVDA260618P01900000,2024-06-05 14:02:24+00:00,1900.0,756.63,738.65,754.25,0.0,0.0,4.0,4,1.0000000000000003e-05,True,REGULAR,USD
353,NVDA260618P01940000,2024-05-23 17:56:57+00:00,1940.0,900.54,772.2,790.0,0.0,0.0,4.0,2,1.0000000000000003e-05,True,REGULAR,USD
