Fund name,Fund size (in m €),Ticker
iShares Core S&P 500 UCITS ETF USD (Acc),114120,SXR8
iShares Core MSCI World UCITS ETF USD (Acc),111655,EUNL
Vanguard S&P 500 UCITS ETF (USD) Distributing,41702,VUSA
iShares Physical Gold ETC,33946,PPFB
iShares Core MSCI Emerging Markets IMI UCITS ETF (Acc),31536,IS3N
Invesco S&P 500 UCITS ETF Acc,30675,P500
Vanguard FTSE All-World UCITS ETF (USD) Accumulating,29504,VWCE
Invesco Physical Gold ETC,26889,8PSG
Vanguard S&P 500 UCITS ETF (USD) Accumulating,25842,VUAA
Xetra-Gold,23288,4GLD
iShares MSCI ACWI UCITS ETF USD (Acc),22649,IUSQ
Vanguard FTSE All-World UCITS ETF (USD) Distributing,19376,VGWL
Xtrackers II EUR Overnight Rate Swap UCITS ETF 1C,18823,XEON
iShares Nasdaq 100 UCITS ETF (Acc),18302,SXRV
iShares Core S&P 500 UCITS ETF USD (Dist),17090,IUSA
Amundi Core Stoxx Europe 600 UCITS ETF Acc,16676,LYP6
Xtrackers MSCI World UCITS ETF 1C,16645,XDWD
iShares Core FTSE 100 UCITS ETF GBP (Dist),16612,IUSZ
iShares USD Treasury Bond 0-1yr UCITS ETF (Acc),14985,IBC1
SPDR S&P 500 UCITS ETF (Dist),14924,SPY5
iShares Core MSCI Europe UCITS ETF EUR (Acc),14888,EUNK
SPDR MSCI World UCITS ETF,14169,SPPW
iShares MSCI USA Screened UCITS ETF USD (Acc),13679,SGAS
iShares MSCI USA ESG Enhanced CTB UCITS ETF USD (Dist),12836,OM3L
Amundi Core S&P 500 Swap UCITS ETF Acc,12741,LYP7
HSBC MSCI World UCITS ETF USD,12579,H4ZJ
iShares S&P 500 Information Technology Sector UCITS ETF USD (Acc),12362,QDVE
Amundi Core MSCI World UCITS ETF Acc,12333,MWRE
SPDR S&P 500 UCITS ETF (Acc),11598,SPYL
Amundi Physical Gold ETC (C),11090,GLDA
iShares Core MSCI Europe UCITS ETF EUR (Dist),10919,IQQY
iShares S&P 500 Swap UCITS ETF USD (Acc),10381,I500
iShares Core EUR Corporate Bond UCITS ETF (Dist),9531,EUN5
Xtrackers MSCI Emerging Markets UCITS ETF 1C,9240,XMME
Xtrackers MSCI USA UCITS ETF 1C,9169,XD9U
iShares STOXX Europe 600 UCITS ETF (DE),9045,EXSA
Invesco EQQQ Nasdaq-100 UCITS ETF,8897,EQQQ
JPMorgan US Research Enhanced Index Equity (ESG) UCITS ETF USD (acc),8887,JREU
iShares EURO STOXX 50 UCITS ETF (DE),8761,EXW1
iShares Core DAX® UCITS ETF (DE) EUR (Acc),8760,EXS1
Invesco S&P 500 UCITS ETF Dist,8386,D500
Xtrackers S&P 500 Equal Weight UCITS ETF 1C,8047,XDEW
SPDR MSCI All Country World UCITS ETF (Acc),8042,SPYY
iShares S&P 500 EUR Hedged UCITS ETF (Acc),7928,IBCF
Xtrackers MSCI USA ESG UCITS ETF 1C,7886,XZMU
Amundi MSCI World Swap II UCITS ETF Dist,7805,LYYA
iShares MSCI EM ESG Enhanced CTB UCITS ETF USD (Acc),7634,EDM2
WisdomTree Physical Gold,7425,VZLD
iShares MSCI EM UCITS ETF (Dist),7421,IQQE
iShares MSCI World UCITS ETF (Dist),7408,IQQW
Vanguard FTSE All-World High Dividend Yield UCITS ETF Distributing,7322,VGWD
Xtrackers MSCI Europe UCITS ETF 1C,7318,XMEU
HSBC S&P 500 UCITS ETF USD,7227,H4ZF
iShares Core EURO STOXX 50 UCITS ETF EUR (Acc),7214,SXRT
VanEck Defense UCITS ETF A,7207,DFEN
iShares MSCI USA ESG Enhanced CTB UCITS ETF USD (Acc),7064,EDMU
Xtrackers DAX UCITS ETF 1C,6972,DBXD
iShares MSCI World Small Cap UCITS ETF,6749,IUSN
Xtrackers IE Physical Gold ETC Securities,6734,XGDU
iShares Core MSCI Japan IMI UCITS ETF,6706,EUNN
iShares MSCI EM UCITS ETF (Acc),6702,EUNM
Invesco MSCI USA UCITS ETF,6541,SC0H
Xtrackers EURO STOXX 50 UCITS ETF 1C,6492,XESC
UBS Core MSCI World UCITS ETF USD acc,6471,UETW
iShares USD Treasury Bond 3-7yr UCITS ETF (Acc),6466,SXRL
iShares MSCI World SRI UCITS ETF EUR (Acc),6317,2B7K
iShares Core MSCI EMU UCITS ETF EUR (Acc),6197,SXR7
VanEck Morningstar Developed Markets Dividend Leaders UCITS ETF,6154,VDIV
Invesco MSCI World UCITS ETF Acc,6018,SC0J
iShares USD Treasury Bond 1-3yr UCITS ETF (Acc),5989,IS0F
iShares EUR High Yield Corporate Bond UCITS ETF EUR (Dist),5987,EUNW
Amundi Core MSCI World Swap UCITS ETF Dist,5863,AHYQ
Xtrackers Artificial Intelligence & Big Data UCITS ETF 1C,5744,XAIX
Xtrackers EURO STOXX 50 UCITS ETF 1D,5645,XESX
Xtrackers MSCI World ESG UCITS ETF 1C,5623,XZW0
Amundi MSCI World Swap UCITS ETF EUR Acc,5537,AMEW
iShares MSCI EM Asia UCITS ETF (Acc),5477,CEBL
iShares Core EURO STOXX 50 UCITS ETF EUR (Dist),5424,EUN2
Amundi Euro Stoxx Banks UCITS ETF Acc,5193,LYBK
Xtrackers MSCI AC World Screened UCITS ETF 1C,5170,XMAW
iShares MSCI EM IMI Screened UCITS ETF USD (Acc),5139,AYEM
iShares Core Euro Government Bond UCITS ETF (Dist),5080,EUNH
JPMorgan Global Research Enhanced Index Equity (ESG) UCITS ETF USD (acc),4993,JREG
Vanguard FTSE Developed World UCITS ETF Acc,4972,VGVF
iShares MSCI World Screened UCITS ETF USD (Acc),4957,SNAW
iShares Edge MSCI World Value Factor UCITS ETF,4955,IS3S
Xtrackers S&P 500 Swap UCITS ETF 1D,4942,XSXD
Vanguard FTSE 100 UCITS ETF (GBP) Distributing,4918,VUKE
WisdomTree Physical Swiss Gold,4912,GZUR
Xtrackers MSCI World Swap UCITS ETF 1C,4890,DBXW
iShares MSCI World EUR Hedged UCITS ETF (Acc),4888,IBCH
iShares USD Short Duration Corporate Bond UCITS ETF (Acc),4884,IS09
iShares J.P. Morgan EM Local Government Bond UCITS ETF,4854,IUSP
Amundi Index Euro Corporate SRI UCITS ETF DR (C),4838,A4H8
Xtrackers II EUR Corporate Bond UCITS ETF 1C,4801,D5BG
Amundi Smart Overnight Return UCITS ETF Acc,4774,LYOR
SPDR Bloomberg 1-5 Year U.S. Corporate Bond UCITS ETF USD (Acc),4706,SPP5
Amundi Core MSCI Japan UCITS ETF Acc,4701,LCUJ
iShares MSCI Europe Screened UCITS ETF EUR (Acc),4690,SLMC
iShares MSCI India UCITS ETF USD (Acc),4651,QDV5
Xtrackers MSCI World UCITS ETF 1D,4630,XDWL
Xtrackers MSCI World ex USA UCITS ETF 1C,4598,EXUS
iShares Nasdaq 100 UCITS ETF (DE),4560,EXXT
Deka MSCI World UCITS ETF Distribution,4485,ELFW
Vanguard FTSE Developed Europe UCITS ETF Distributing,4478,VGEU
iShares EUR Corporate Bond ESG SRI UCITS ETF (Dist),4466,OM3F
iShares Gold Producers UCITS ETF,4451,IS0E
iShares MSCI Europe ESG Enhanced CTB UCITS ETF EUR (Dist),4436,EMNU
Amundi Core Nasdaq-100 Swap UCITS ETF Acc,4433,LYMS
SPDR Russell 2000 US Small Cap UCITS ETF,4403,ZPRR
Xtrackers MSCI Japan UCITS ETF 1C,4351,DBXJ
Xtrackers MSCI World Information Technology UCITS ETF 1C,4340,XDWT
SPDR MSCI All Country World Investable Market UCITS ETF (Acc),4335,SPYI
Xtrackers MSCI USA Swap UCITS ETF 1C,4327,XMUS
SPDR S&P 400 U.S. Mid Cap UCITS ETF USD Unhedged (Acc),4320,SPY4
WisdomTree Europe Defence UCITS ETF EUR Unhedged Acc,4312,EUDF
EUWAX Gold II,4307,EWG2
SPDR S&P 500 Leaders UCITS ETF USD Unhedged (Acc),4269,SPPY
Gold Bullion Securities,4198,GG9B
iShares USD Treasury Bond 7-10yr UCITS ETF (Acc),4159,SXRM
Amundi EURO STOXX 50 II UCITS ETF Acc,4078,LYSX
Amundi Core MSCI Emerging Markets Swap UCITS ETF Dist,4069,AE5A
iShares EUR Corporate Bond 1-5yr UCITS ETF EUR (Dist),4031,EUNT
iShares STOXX Global Select Dividend 100 UCITS ETF (DE),4020,ISPA
Amundi Core MSCI Europe UCITS ETF Acc,4015,A4HZ
Xtrackers S&P 500 Swap UCITS ETF 1C,3994,D5BM
iShares Edge MSCI World Quality Factor UCITS ETF (Acc),3916,IS3Q
iShares STOXX Europe 600 Banks UCITS ETF (DE),3913,EXV1
UBS MSCI World Socially Responsible UCITS ETF USD dis,3869,UIMM
iShares MSCI World ESG Enhanced CTB UCITS ETF USD (Acc),3851,EDMW
iShares MSCI EM ex-China UCITS ETF USD (Acc),3847,84X0
Amundi Core MSCI Emerging Markets Swap UCITS ETF Acc,3839,AE51
VanEck Semiconductor UCITS ETF,3828,VVSM
iShares US Aggregate Bond UCITS ETF (Acc),3742,IS03
VanEck Gold Miners UCITS ETF,3740,G2X
iShares MSCI Brazil UCITS ETF (DE) USD (Acc),3735,4BRZ
iShares EUR High Yield Corporate Bond ESG SRI UCITS ETF EUR (Acc),3706,AYE2
iShares USD Corporate Bond UCITS ETF (Acc),3703,IS01
iShares Core UK Gilts UCITS ETF,3695,2B7M
iShares S&P 500 Equal Weight UCITS ETF USD (Acc),3657,O4J0
iShares EUR Ultrashort Bond UCITS ETF EUR (Dist),3629,IS3M
Amundi MSCI Emerging Markets Swap UCITS ETF EUR Acc,3603,AMEM
Vanguard FTSE Developed World UCITS ETF Distributing,3557,VGVE
Xtrackers STOXX Europe 600 UCITS ETF 1C,3548,XSX6
Amundi Core MSCI Emerging Markets UCITS ETF Acc,3541,10AF
Amundi MSCI Emerging Ex China UCITS ETF Acc,3511,EMXC
iShares J.P. Morgan USD Emerging Markets Bond UCITS ETF (Dist),3505,IUS7
Amundi Core S&P 500 Swap UCITS ETF USD Dist,3497,6TVM
Xtrackers MSCI World Value UCITS ETF 1C,3479,XDEV
iShares Edge MSCI World Momentum Factor UCITS ETF (Acc),3409,IS3R
iShares Core EUR Corporate Bond UCITS ETF (Acc),3402,IUSG
UBS EURO STOXX 50 ESG UCITS ETF EUR dis,3393,UET5
Amundi Core EURO STOXX 50 UCITS ETF EUR Acc,3369,V50A
Amundi CAC 40 UCITS ETF Dist,3361,LYY
Xtrackers MSCI World Swap UCITS ETF 1D,3357,XWD1
iShares Core FTSE 100 UCITS ETF GBP (Acc),3350,SXRW
Xtrackers MSCI Japan ESG UCITS ETF 1C,3324,XZMJ
Amundi S&P 500 Screened UCITS ETF Acc,3320,F500
Vanguard FTSE Developed Europe ex UK UCITS ETF (EUR) Distributing,3305,VERX
iShares MSCI China UCITS ETF USD (Acc),3289,ICGA
iShares Physical Silver ETC,3256,PPFD
Vanguard EUR Eurozone Government Bond UCITS ETF Accumulating,3250,VGEA
iShares Automation & Robotics UCITS ETF,3250,2B76
HSBC MSCI Emerging Markets UCITS ETF USD,3243,H410
iShares MSCI EM SRI UCITS ETF,3239,QDVS
PIMCO US Dollar Short Maturity UCITS ETF Dist,3236,PJSB
BNP Paribas Easy S&P 500 UCITS ETF USD,3223,ESAP
Invesco EQQQ Nasdaq-100 UCITS ETF Acc,3178,EQQB
iShares Core Global Aggregate Bond UCITS ETF USD Hedged (Acc),3154,QDVJ
BNP Paribas Easy MSCI Europe Min TE UCITS ETF,3140,EEUX
Xtrackers MSCI Europe Small Cap UCITS ETF 1C,3136,XXSC
WisdomTree Physical Silver,3115,VZLC
iShares MSCI USA Swap UCITS ETF USD (Acc),3115,N810
iShares Core MSCI Pacific ex Japan UCITS ETF (Acc),3101,SXR1
iShares USD Corporate Bond UCITS ETF (Dist),3094,IBCD
SPDR S&P US Dividend Aristocrats UCITS ETF,3038,SPYD
Amundi Prime All Country World UCITS ETF Dist,2988,WEBG
Xtrackers MSCI World Health Care UCITS ETF 1C,2984,XDWH
BNP Paribas Easy S&P 500 UCITS ETF EUR,2982,ESEE
Amundi Euro Government tilted Green Bond UCITS ETF Acc,2974,CB3G
iShares MSCI Europe SRI UCITS ETF (Acc),2951,IUSK
iShares MSCI EMU ESG Enhanced CTB UCITS ETF EUR (Acc),2945,EDM4
iShares MSCI USA UCITS ETF (Acc),2941,SXR4
iShares EURO STOXX UCITS ETF (DE),2933,EXSI
iShares USD Treasury Bond 7-10yr UCITS ETF (Dist),2913,IUSM
JPMorgan Europe Research Enhanced Index Equity (ESG) UCITS ETF EUR (acc),2881,JREE
Vanguard FTSE Emerging Markets UCITS ETF (USD) Distributing,2847,VFEM
Vanguard EUR Corporate Bond UCITS ETF (EUR) Distributing,2839,VECP
Fidelity Emerging Markets Equity Research Enhanced UCITS ETF ACC-USD,2838,FYER
UBS MSCI USA NSL UCITS ETF USD acc,2817,CSY1
iShares USD Floating Rate Bond UCITS ETF USD (Acc),2811,QDV4
Invesco MSCI USA Universal Screened UCITS ETF Acc,2798,ESGU
Amundi S&P 500 Swap UCITS ETF USD Acc,2786,10AP
Amundi Index Euro Corporate SRI 0-3 Y UCITS ETF DR (C),2766,ECR3
iShares Edge MSCI USA Value Factor UCITS ETF,2761,QDVI
Amundi Core S&P 500 Swap UCITS ETF EUR Dist,2751,LYPS
Invesco S&P 500 Scored & Screened UCITS ETF Acc,2742,5ESG
Vanguard FTSE 100 UCITS ETF (GBP) Accumulating,2731,VUKG
Vanguard USD Corporate Bond UCITS ETF Accumulating,2694,VUCE
Amundi EUR Overnight Return UCITS ETF Acc,2686,L8I3
Amundi Core MSCI USA UCITS ETF Acc,2677,WEBH
Xtrackers MSCI USA Swap UCITS ETF 1D,2675,XUSW
Invesco S&P 500 EUR Hedged UCITS ETF,2674,E500
Amundi S&P Eurozone Climate Paris Aligned UCITS ETF Acc,2656,ZPAB
Amundi MSCI USA ESG Broad Transition UCITS ETF Acc,2622,WEB2
HANetf Future of Defence UCITS ETF,2620,ASWC
Vanguard FTSE Japan UCITS ETF (USD) Distributing,2615,VJPN
Amundi MSCI World SRI Climate Paris Aligned UCITS ETF Acc,2605,XAMB
Xtrackers Eurozone Government Bond 1-3 UCITS ETF 1C,2565,DBXP
Xtrackers Physical Gold ETC (EUR),2562,XAD5
iShares Dow Jones Global Titans 50 UCITS ETF (DE) EUR (Dist),2559,EXI2
Amundi STOXX Europe 600 Banks UCITS ETF Acc,2539,LBNK
Xtrackers MSCI World Financials UCITS ETF 1C,2538,XDWF
Vanguard EUR Corporate Bond UCITS ETF Accumulating,2528,VECA
Amundi Prime Japan UCITS ETF DR (D),2520,PR1J
iShares MSCI USA SRI UCITS ETF USD (Acc),2509,QDVR
iShares Global Clean Energy Transition UCITS ETF USD (Dist),2507,IQQH
Vanguard FTSE North America UCITS ETF (USD) Distributing,2500,VNRT
Amundi MSCI Europe ESG Broad Transition UCITS ETF - EUR (C),2449,CEUG
iShares EURO STOXX Banks 30-15 UCITS ETF (DE),2430,EXX1
UBS MSCI Switzerland 20/35 UCITS ETF CHF acc,2430,FRCF
iShares USD High Yield Corporate Bond UCITS ETF USD (Acc),2424,IS00
SPDR S&P 500 EUR Hedged UCITS ETF,2384,SPPE
iShares MDAX UCITS ETF (DE),2381,EXS3
iShares EUR Ultrashort Bond UCITS ETF EUR (Acc),2375,ERNX
Xtrackers MSCI World Quality UCITS ETF 1C,2374,XDEQ
iShares EUR Corporate Bond 0-3yr ESG SRI UCITS ETF EUR (Dist),2368,QDVL
iShares Edge MSCI Europe Value Factor UCITS ETF,2358,CEMS
Amundi MSCI Europe Action UCITS ETF Dist,2345,AE5B
iShares MSCI USA Small Cap ESG Enhanced CTB UCITS ETF USD (Acc),2339,SXRG
Amundi S&P 500 Swap UCITS ETF EUR Acc,2338,AUM5
Invesco FTSE All-World UCITS ETF Acc,2322,FWIA
Franklin FTSE Korea UCITS ETF,2311,FLXK
iShares Core Global Aggregate Bond UCITS ETF EUR Hedged (Acc),2310,EUNA
iShares S&P 500 Health Care Sector UCITS ETF (Acc),2303,QDVG
BNP Paribas Easy JPM ESG EMU Government Bond IG UCITS ETF,2303,JBEM
Xtrackers Physical Gold EUR Hedged ETC,2286,XAD1
iShares Euro Government Bond 3-5yr UCITS ETF,2280,IBCN
Vanguard FTSE Developed Europe UCITS ETF (EUR) Accumulating,2278,VWCG
Amundi S&P 500 Climate Paris Aligned UCITS ETF Dist,2277,WEBP
JPMorgan Nasdaq Equity Premium Income Active UCITS ETF USD (dist),2264,JEQP
Amundi MSCI World Information Technology UCITS ETF EUR Acc,2239,LYPG
iShares Edge MSCI World Minimum Volatility UCITS ETF USD (Acc),2238,IQQ0
iShares EUR Government Bond Climate UCITS ETF EUR (Acc),2207,SECA
UBS Core MSCI USA UCITS ETF USD acc,2195,4UBB
Amundi S&P 500 Equal Weight ESG UCITS ETF Acc,2190,WELE
iShares USD TIPS UCITS ETF USD (Acc),2185,IUST
iShares MSCI Europe ESG Enhanced CTB UCITS ETF EUR (Acc),2180,EDM6
iShares J.P. Morgan USD EM Bond EUR Hedged UCITS ETF (Dist),2179,IS3C
iShares S&P SmallCap 600 UCITS ETF,2173,IUS3
UBS Core MSCI EM UCITS ETF USD dis,2170,UIMI
BNP Paribas Easy EUR Corporate Bond SRI PAB 1-3Y UCITS ETF,2151,ASR3
iShares Euro Government Bond 1-3yr UCITS ETF (Acc),2148,SXRN
Amundi Euro Government Bond 1-3Y UCITS ETF Acc,2138,LYQ2
iShares MSCI China A UCITS ETF,2134,36BZ
iShares MSCI World ex-USA UCITS ETF USD (Acc),2133,IXUA
iShares USD High Yield Corporate Bond UCITS ETF USD (Dist),2132,IS0R
L&G Cyber Security UCITS ETF,2109,USPY
UBS MSCI USA Selection UCITS ETF USD acc,2102,CSY2
Vanguard FTSE North America UCITS ETF (USD) Accumulating,2100,VNRA
iShares S&P 500 Financials Sector UCITS ETF (Acc),2078,QDVH
iShares Core GBP Corporate Bond UCITS ETF,2074,2B7Q
iShares Global Water UCITS ETF,2051,IQQQ
iShares Euro Corporate Bond Large Cap UCITS ETF,2041,IBCS
BNP Paribas Easy JPM ESG EMU Government Bond IG 3-5Y UCITS ETF (Acc),2030,ASRE
Amundi Smart Overnight Return UCITS ETF USD Hedged Acc,2025,B8TL
iShares MSCI Europe Financials Sector UCITS ETF EUR (Acc),2017,ESIF
Xtrackers Russell 2000 UCITS ETF 1C,2007,XRS2
Xtrackers II EUR Corporate Bond SRI PAB UCITS ETF 1D,2005,XB4F
Vanguard USD Corporate 1-3 Year Bond UCITS ETF Accumulating,2002,VAGY
UBS MSCI EM Socially Responsible UCITS ETF USD dis,2001,UEF5
Vanguard U.S. Treasury 0-1 Year Bond UCITS ETF (USD) Accumulating,1997,VUCF
iShares MSCI China Tech UCITS ETF USD (Acc),1981,CBUK
iShares USD Treasury Bond 1-3yr UCITS ETF (Dist),1972,IUSU
VanEck Uranium and Nuclear Technologies UCITS ETF A,1969,NUKL
Xtrackers II Eurozone Government Bond UCITS ETF 1C,1964,XGLE
Amundi MSCI All Country World UCITS ETF EUR Acc,1958,LYY0
iShares Core Global Aggregate Bond UCITS ETF USD (Dist),1956,EUNU
Xtrackers MSCI EMU UCITS ETF 1D,1951,XD5E
iShares USD Treasury Bond 20+yr UCITS ETF USD (Acc),1922,SXRC
Amundi Euro Government Bond 3-5Y UCITS ETF Acc,1913,LYQ3
JPMorgan EUR Ultra-Short Income UCITS ETF - EUR (Acc),1903,JEST
Ossiam Shiller Barclays CAPE® US Sector Value TR UCITS ETF 1C (USD),1902,EUPC
iShares Euro Government Bond 1-3yr UCITS ETF (Dist),1890,IBCA
Vanguard FTSE Developed Asia Pacific ex Japan UCITS ETF Distributing,1878,VGEJ
iShares Euro Covered Bond UCITS ETF,1877,IUS6
JPMorgan Global Research Enhanced Index Equity (ESG) UCITS ETF USD (dist),1870,JRGD
iShares J.P. Morgan USD Emerging Markets Bond UCITS ETF (Acc),1863,IS02
Invesco Nasdaq-100 ESG UCITS ETF Acc,1860,N1ES
Vanguard Global Aggregate Bond UCITS ETF EUR Hedged Accumulating,1859,VAGF
Xtrackers EUR High Yield Corporate Bond UCITS ETF 1C,1825,XHYA
iShares MSCI Japan Screened UCITS ETF USD (Acc),1818,SGAJ
Vanguard FTSE 250 UCITS ETF Distributing,1811,VMID
Amundi S&P 500 Climate Paris Aligned UCITS ETF Acc,1803,ZPA5
Amundi MSCI World ESG Selection UCITS ETF Acc,1794,MWOP
iShares MSCI Japan UCITS ETF (Dist),1787,IQQJ
iShares eb.rexx Government Germany 0-1yr UCITS ETF (DE),1778,EXVM
Vanguard FTSE All-World High Dividend Yield UCITS ETF Acc,1760,VGWE
Xtrackers Nikkei 225 UCITS ETF 1D,1758,XDJP
Xtrackers II EUR Corporate Bond Short Duration SRI PAB UCITS ETF 1C,1753,XZE5
Xtrackers Swiss Large Cap UCITS ETF 1D,1743,XSMI
iShares Global Corporate Bond UCITS ETF,1739,IS0X
iShares MSCI USA ESG Enhanced CTB UCITS ETF EUR Hedged (Acc),1738,CBUC
UBS S&P 500 Scored & Screened UCITS ETF USD acc,1736,4UBQ
Deka DAX UCITS ETF,1733,EL4A
iShares MSCI Global Semiconductors UCITS ETF USD (Acc),1732,SEC0
iShares Nasdaq 100 UCITS ETF EUR Hedged Acc,1727,NQSE
JPMorgan Global Emerging Markets Research Enhanced Index Equity (ESG) UCITS ETF USD (acc),1727,JREM
iShares Global Aggregate Bond ESG ​SRI UCITS ETF EUR Hedged (Acc),1710,AEGE
iShares EUR Aggregate Bond ESG SRI UCITS ETF EUR (Dist),1679,EUN4
Amundi Core UK Government Bond UCITS ETF Dist,1671,LYTG
UBS Core MSCI EMU UCITS ETF EUR dis,1670,UIM4
Amundi MSCI USA ESG Broad Transition UCITS ETF Dist,1665,LYYB
Amundi Global Treasury Bond UCITS ETF USD Hedged Acc,1659,GTSB
Vanguard FTSE Emerging Markets UCITS ETF (USD) Accumulating,1652,VFEA
iShares Diversified Commodity Swap UCITS ETF,1620,SXRS
iShares Core MSCI World UCITS ETF EUR Hedged (Dist),1620,IWLE
iShares Broad USD High Yield Corporate Bond UCITS ETF USD (Dist),1618,UDHY
Amundi Core DAX UCITS ETF Dist,1616,C001
iShares Dow Jones Global Leaders Screened UCITS ETF USD (Acc),1614,IUSL
Global X Silver Miners UCITS ETF USD Accumulating,1610,SLVR
VanEck S&P Global Mining UCITS ETF A,1609,WMIN
Xtrackers MSCI World Momentum UCITS ETF 1C,1609,XDEM
iShares Global Infrastructure UCITS ETF USD (Dist),1607,IQQI
iShares Bloomberg Roll Select Commodity Swap UCITS ETF USD,1589,IS39
Amundi MSCI Emerging Markets SRI Climate Paris Aligned UCITS ETF DR (C),1581,AMEI
Amundi MSCI Water UCITS ETF Dist,1579,LYM8
Franklin FTSE India UCITS ETF,1577,FLXI
UBS MSCI World Socially Responsible UCITS ETF USD acc,1576,SEAC
Invesco US Technology Sector UCITS ETF,1574,SML3
iShares USD Ultrashort Bond UCITS ETF USD (Acc),1572,OM3G
iShares EUR High Yield Corporate Bond UCITS ETF EUR (Acc),1568,SXRI
Xtrackers MSCI Emerging Markets ESG UCITS ETF 1C,1567,XZEM
WisdomTree Core Physical Gold,1561,WGLD
Xtrackers Nasdaq 100 UCITS ETF 1C,1557,XNAS
HSBC FTSE EPRA NAREIT Developed UCITS ETF USD,1554,H4ZL
AXA IM NASDAQ 100 UCITS ETF USD Acc,1554,ANAV
BNP Paribas Easy MSCI Japan Min TE UCITS ETF,1553,EJAP
Xtrackers MSCI USA Information Technology UCITS ETF 1D,1535,XUTC
iShares MSCI Europe Health Care Sector UCITS ETF EUR (Acc),1533,ESIH
Amundi ETF DAX UCITS ETF DR,1533,CG1G
Invesco Nasdaq-100 Swap UCITS ETF Acc,1526,EQQX
HANetf The Royal Mint Responsibly Sourced Physical Gold ETC,1515,RM8U
WisdomTree Physical Gold - EUR Daily Hedged,1514,GBSE
HSBC Hang Seng TECH UCITS ETF HKD,1511,H4ZX
iShares EUR Corporate Bond 0-3yr ESG SRI UCITS ETF EUR (Acc),1506,IE3E
iShares MSCI EM Latin America UCITS ETF (Dist),1506,IUSC
SPDR S&P Euro Dividend Aristocrats UCITS ETF (Dist),1504,SPYW
HSBC MSCI World UCITS ETF USD (Acc),1495,H4ZY
SPDR MSCI World Small Cap UCITS ETF,1494,ZPRS
iShares MSCI Canada UCITS ETF (Acc),1489,SXR2
Deka MSCI World Climate Change ESG UCITS ETF,1487,D6RP
iShares Dow Jones Industrial Average UCITS ETF (Acc),1485,SXRU
BNP Paribas Easy EUR Corporate Bond SRI PAB 3-5Y UCITS ETF,1484,ASR5
HSBC EURO STOXX 50 UCITS ETF EUR,1475,H4ZA
iShares MSCI EMU Screened UCITS ETF EUR (Acc),1470,SLMA
Invesco S&P 500 UCITS ETF GBP Hedged Acc,1470,SML2
iShares Core MSCI Europe UCITS ETF EUR (Acc),1469,CEBZ
iShares Euro Inflation Linked Government Bond UCITS ETF,1459,IBCI
Amundi Euro Government Bond 7-10Y UCITS ETF Acc,1453,LYXD
Amundi MSCI Emerging Markets Asia UCITS ETF EUR (C),1445,AMEA
SPDR MSCI Emerging Markets UCITS ETF,1442,SPYM
BNP Paribas Easy S&P 500 UCITS ETF EUR Hedged,1442,ESEH
iShares MSCI World SRI UCITS ETF USD (Dist),1441,2B7J
SPDR Bloomberg Emerging Markets Local Bond UCITS ETF,1441,SYBM
Amundi STOXX Europe 600 ESG UCITS ETF DR EUR (C),1437,AME6
Amundi Core S&P 500 Swap UCITS ETF EUR Hedged Dist,1435,LYP2
SPDR Morningstar Multi-Asset Global Infrastructure UCITS ETF,1426,ZPRI
Amundi MSCI EMU ESG Selection UCITS ETF DR - EUR (C),1426,AMED
Xtrackers CSI 300 Swap UCITS ETF 1C,1421,XCHA
Amundi Smart Overnight Return UCITS ETF GBP Hedged Acc,1416,B8TM
iShares J.P. Morgan USD Emerging Markets Corp Bond UCITS ETF USD (Acc),1406,QDV8
Deka MSCI Europe UCITS ETF,1394,EL42
Amundi MSCI World Climate Paris Aligned UCITS ETF Acc,1392,PABW
iShares EUR Corporate Bond ESG SRI UCITS ETF EUR (Acc),1391,SUA0
Amundi MSCI Emerging Markets ESG Selection UCITS ETF DR (C),1374,SADM
UBS Core S&P 500 UCITS ETF USD acc,1370,BCFT
UBS BBG MSCI Euro Area Liquid Corp Sustainable UCITS ETF EUR acc,1363,4UBF
Amundi Core MSCI World UCITS ETF USD Dist,1363,MWOE
BNP Paribas Easy MSCI USA Min TE UCITS ETF,1357,ENOA
Xtrackers S&P 500 Equal Weight UCITS ETF 2C EUR Hedged,1353,XDEE
Vanguard USD Treasury Bond UCITS ETF Accumulating,1353,VAGT
iShares Core MSCI Emerging Markets IMI UCITS ETF,1353,IBC3
BNP Paribas Easy MSCI Emerging Min TE UCITS ETF,1352,EMKX
iShares UK Dividend UCITS ETF,1350,IQQD
Amundi Nasdaq-100 Swap UCITS ETF EUR Acc,1349,6AQQ
UBS MSCI World UCITS ETF USD dis,1348,UIM7
UBS Core MSCI World UCITS ETF USD dis,1346,UBU7
WisdomTree Copper,1345,OD7C
iShares iBonds Dec 2028 Term EUR Corporate UCITS ETF EUR (Dist),1342,IB28
Franklin FTSE China UCITS ETF,1332,FLXC
iShares MSCI Europe Industrials Sector UCITS ETF EUR (Acc),1330,ESIN
Xtrackers S&P 500 Equal Weight Scored & Screened UCITS ETF 1C,1328,XZEW
Amundi DAX II UCITS ETF Acc,1327,LYY7
Amundi Floating Rate Euro Corporate ESG UCITS ETF EUR (C),1325,FRNE
SPDR S&P Global Dividend Aristocrats UCITS ETF,1324,ZPRG
iShares Digital Security UCITS ETF USD (Acc),1324,L0CK
iShares MSCI Europe ex-UK UCITS ETF,1321,IQQU
Amundi MSCI Emerging Markets Swap UCITS ETF USD Acc,1319,X9I1
L&G MSCI Europe Climate Pathway UCITS ETF EUR Accumulating ETF,1316,DELF
Amundi EUR Corporate Bond 1-5Y ESG UCITS ETF DR,1312,A4H7
UBS Core MSCI Japan UCITS ETF JPY dis,1311,UIM5
iShares Core Global Aggregate Bond UCITS ETF GBP Hedged (Dist),1311,IS0G
iShares USD Short Duration Corporate Bond UCITS ETF (Dist),1306,IS3J
iShares MSCI USA Screened UCITS ETF USD (Dist),1306,SLUS
iShares Edge MSCI USA Quality Factor UCITS ETF,1303,QDVB
Xtrackers IE Physical Gold EUR Hedged ETC Securities,1300,XGDE
iShares Global Aerospace & Defence UCITS ETF USD (Acc),1292,5J50
iShares Euro Government Bond 3-7yr UCITS ETF (Acc),1287,SXRP
VanEck Junior Gold Miners UCITS,1287,G2XJ
Amundi MSCI Emerging Markets ESG Broad Transition UCITS ETF DR (C),1283,SBIM
iShares Euro Dividend UCITS ETF,1282,IQQA
iShares $ Treasury Bond 7-10yr UCITS ETF EUR Hedged (Dist),1278,IBB1
Amundi Bloomberg Equal-weight Commodity ex-Agriculture UCITS ETF Acc,1277,LYTR
Deka EURO STOXX 50 UCITS ETF,1275,EL4B
Invesco Quantitative Strategies ESG Global Equity Multi-Factor UCITS ETF Acc,1275,IQSA
Vanguard FTSE Japan UCITS ETF (USD) Accumulating,1271,VJPA
BNP Paribas Easy EUR Corporate Bond SRI PAB UCITS ETF Acc,1269,ASRI
Amundi Euro Lowest Rated IG Government Bond UCITS ETF EUR Acc,1269,KX1G
iShares MSCI EMU Paris-Aligned Climate UCITS ETF EUR (Acc),1268,CBUB
Amundi Core Euro Government Bond UCITS ETF Acc,1262,A4HC
iShares Edge S&P 500 Minimum Volatility UCITS ETF (Acc),1259,IBCK
iShares MSCI EM IMI Screened UCITS ETF USD (Dist),1254,OM3Y
iShares World Equity Enhanced Active UCITS ETF USD (Acc),1242,WOEE
iShares MSCI Japan ESG Enhanced CTB UCITS ETF USD (Acc),1237,EDMJ
VanEck World Equal Weight Screened UCITS ETF A,1234,TSWE
Vanguard FTSE Developed Europe ex UK UCITS ETF (EUR) Accumulating,1231,VERE
Fidelity US Quality Income UCITS ETF INC-USD,1228,FUSD
L&G Artificial Intelligence UCITS ETF,1227,XMLD
Amundi MSCI Europe SRI Climate Paris Aligned UCITS ETF DR (C),1227,MIVB
UBS MSCI World Socially Responsible UCITS ETF USD acc,1221,4UBH
SPDR MSCI EM Asia UCITS ETF,1212,SPYA
SPDR MSCI Europe Industrials UCITS ETF,1207,SPYQ
Vanguard EUR Eurozone Government Bond UCITS ETF Distributing,1205,VGEB
Xtrackers II EUR Overnight Rate Swap UCITS ETF 1D,1205,XEOD
First Trust Nasdaq Clean Edge Smart Grid Infrastructure UCITS ETF Acc,1203,GRID
Invesco MDAX UCITS ETF A,1201,DEAM
iShares MSCI World Quality Dividend Advanced UCITS ETF USD (Dist),1199,QDVW
Xtrackers MSCI World Energy UCITS ETF 1C,1196,XDW0
iShares MSCI Japan UCITS ETF USD (Acc),1189,SXR5
iShares USD Corporate Bond ESG SRI UCITS ETF EUR Hedged (Dist),1187,36BA
iShares USD Treasury Bond 3-7yr UCITS ETF EUR Hedged (Dist),1184,CBUE
Invesco US Treasury Bond 7-10 Year UCITS ETF Dist,1178,TRDX
Amundi Index Euro Aggregate SRI UCITS ETF DR (C),1175,PR10
JPMorgan Global Equity Premium Income Active UCITS ETF USD (dist),1166,JGPI
Xtrackers MSCI World Swap UCITS ETF 4C EUR hedged,1164,XWEH
iShares Global Corporate Bond EUR Hedged UCITS ETF (Dist),1164,IBCQ
UBS Core MSCI USA UCITS ETF USD dis,1163,UBU3
Invesco EURO STOXX 50 UCITS ETF,1160,SC0D
SPDR S&P U.S. Technology Select Sector UCITS ETF USD,1153,ZPDT
CoinShares Physical Bitcoin,1148,BITC
BNP Paribas Easy MSCI EMU Min TE UCITS ETF,1144,EMUX
iShares EUR Corporate Bond ex-Financials 1-5yr ESG SRI UCITS ETF EUR (Dist),1140,EUNS
Amundi Core Global Government Bond UCITS ETF EUR Hedged Acc,1135,A4HD
Amundi Core Nasdaq-100 Swap UCITS ETF Dist,1130,NADQ
AXA IM MSCI World Equity PAB UCITS ETF USD Acc,1126,AWDT
Amundi Euro Government Inflation-Linked Bond UCITS ETF Acc,1126,LYQ7
Amundi Prime Global UCITS ETF Dist,1123,MWOL
Amundi MSCI EMU ESG Broad Transition UCITS ETF Acc,1122,LGQG
Amundi Prime Global UCITS ETF Acc,1118,F50A
iShares EUR Government Bond 0-1yr UCITS ETF,1117,EUN6
Xtrackers MSCI China UCITS ETF 1C,1109,XCS6
Xtrackers EUR High Yield Corporate Bond UCITS ETF 1D,1109,XHYG
Amundi Prime Euro Government Bond UCITS ETF Dist,1102,PR1R
Xtrackers II Eurozone Government Bond 7-10 UCITS ETF 1C,1100,X710
Xtrackers MSCI Canada Screened UCITS ETF 1C,1100,D5BH
iShares Edge MSCI EM Value Factor UCITS ETF USD (Acc),1096,5MVL
Fidelity US Equity Research Enhanced UCITS ETF ACC-USD,1092,FUSR
iShares MSCI AC Far East ex-Japan UCITS ETF,1092,IQQF
Xtrackers II US Treasuries UCITS ETF 2D - EUR Hedged,1091,XUTE
Amundi MSCI Semiconductors UCITS ETF Acc,1090,LSMC
Amundi Core EUR Corporate Bond UCITS ETF EUR Dist,1087,PR1C
Xtrackers MSCI Europe ESG UCITS ETF 1C,1082,XZEU
iShares MSCI Japan EUR Hedged UCITS ETF (Acc),1081,IBCG
JPMorgan US Research Enhanced Index Equity (ESG) UCITS ETF EUR Hedged (acc),1077,JUHE
SPDR MSCI All Country World UCITS ETF EUR Hedged (Acc),1073,SPP1
Amundi Prime All Country World UCITS ETF Acc,1068,WEBN
iShares S&P 500 Communication Sector UCITS ETF USD (Acc),1068,IU5C
iShares MSCI North America UCITS ETF,1064,IQQN
UBS Core S&P 500 UCITS ETF USD dis,1062,UBU9
iShares Emerging Markets Dividend UCITS ETF,1054,EUNY
Xtrackers Eurozone Government Bond 5-7 UCITS ETF 1C,1051,X57E
SPDR FTSE Global Convertible Bond UCITS ETF EUR Hedged (Acc),1049,SPF1
Amundi MSCI Europe ESG Selection UCITS ETF Acc,1045,LEAD
SPDR Bloomberg 1-3 Year Euro Government Bond UCITS ETF,1044,SYB3
Amundi MSCI India Swap UCITS ETF EUR Acc,1044,LYMD
Xtrackers II US Treasuries UCITS ETF 1D,1042,XUTD
UBS CMCI Composite SF UCITS ETF USD acc,1042,UIQK
iShares J.P. Morgan Advanced USD EM Bond UCITS ETF USD (Acc),1040,SLME
iShares MSCI EMU Small Cap UCITS ETF (Acc),1032,SXRJ
Xtrackers iBoxx Sovereigns Eurozone Yield Plus UCITS ETF 1C,1030,XY4P
iShares USD Treasury Bond 1-3yr UCITS ETF EUR Hedged (Acc),1024,2B7S
iShares USD Short Duration High Yield Corporate Bond UCITS ETF USD (Acc),1024,OM3J
Deka DAX (ausschüttend) UCITS ETF,1020,EL4F
HSBC MSCI China UCITS ETF USD,1012,H4ZP
iShares S&P U.S. Banks UCITS ETF USD (Acc),1012,IUS2
L&G US Equity UCITS ETF,1000,ETLS
Invesco Physical Silver,997,8PSB
Amundi EUR Corporate Bond Climate Paris Aligned UCITS ETF Acc,997,LYEB
iShares J.P. Morgan Advanced USD EM Bond UCITS ETF EUR Hedged (Acc),993,SLMG